CVE,commit_file_location,git_repo_location,work_dir
CVE-2023-51445,/path/to/diff/CVE-2023-51445/CVE-2023-51445.txt,/path/to/repo/geoserver@@geoserver,/path/to/workdir
CVE-2020-2143,/path/to/diff/CVE-2020-2143/CVE-2020-2143.txt,/path/to/repo/jenkinsci@@logstash-plugin,/path/to/workdir
CVE-2022-42126,/path/to/diff/CVE-2022-42126/CVE-2022-42126.txt,/path/to/repo/liferay@@liferay-portal,/path/to/workdir
CVE-2021-40111,/path/to/diff/CVE-2021-40111/CVE-2021-40111.txt,/path/to/repo/apache@@james-project,/path/to/workdir
CVE-2022-23457,/path/to/diff/CVE-2022-23457/CVE-2022-23457.txt,/path/to/repo/ESAPI@@esapi-java-legacy,/path/to/workdir
CVE-2023-0869,/path/to/diff/CVE-2023-0869/CVE-2023-0869.txt,/path/to/repo/OpenNMS@@opennms,/path/to/workdir
CVE-2021-44140,/path/to/diff/CVE-2021-44140/CVE-2021-44140.txt,/path/to/repo/apache@@jspwiki,/path/to/workdir
CVE-2022-28136,/path/to/diff/CVE-2022-28136/CVE-2022-28136.txt,/path/to/repo/jenkinsci@@JiraTestResultReporter-plugin,/path/to/workdir
CVE-2023-40315,/path/to/diff/CVE-2023-40315/CVE-2023-40315.txt,/path/to/repo/OpenNMS@@opennms,/path/to/workdir
CVE-2023-37471,/path/to/diff/CVE-2023-37471/CVE-2023-37471.txt,/path/to/repo/OpenIdentityPlatform@@OpenAM,/path/to/workdir
CVE-2023-46604,/path/to/diff/CVE-2023-46604/CVE-2023-46604.txt,/path/to/repo/apache@@activemq,/path/to/workdir
CVE-2023-1436,/path/to/diff/CVE-2023-1436/CVE-2023-1436.txt,/path/to/repo/jettison-json@@jettison,/path/to/workdir
CVE-2020-2104,/path/to/diff/CVE-2020-2104/CVE-2020-2104.txt,/path/to/repo/jenkinsci@@jenkins,/path/to/workdir
CVE-2024-31863,/path/to/diff/CVE-2024-31863/CVE-2024-31863.txt,/path/to/repo/apache@@zeppelin,/path/to/workdir
CVE-2021-33609,/path/to/diff/CVE-2021-33609/CVE-2021-33609.txt,/path/to/repo/vaadin@@framework,/path/to/workdir
CVE-2023-29216,/path/to/diff/CVE-2023-29216/CVE-2023-29216.txt,/path/to/repo/apache@@linkis,/path/to/workdir
CVE-2021-21606,/path/to/diff/CVE-2021-21606/CVE-2021-21606.txt,/path/to/repo/jenkinsci@@jenkins,/path/to/workdir
CVE-2023-47797,/path/to/diff/CVE-2023-47797/CVE-2023-47797.txt,/path/to/repo/liferay@@liferay-portal,/path/to/workdir
CVE-2023-28671,/path/to/diff/CVE-2023-28671/CVE-2023-28671.txt,/path/to/repo/jenkinsci@@octoperf-plugin,/path/to/workdir
CVE-2021-44521,/path/to/diff/CVE-2021-44521/CVE-2021-44521.txt,/path/to/repo/apache@@cassandra,/path/to/workdir
CVE-2021-3312,/path/to/diff/CVE-2021-3312/CVE-2021-3312.txt,/path/to/repo/alkacon@@opencms-core,/path/to/workdir
CVE-2022-36895,/path/to/diff/CVE-2022-36895/CVE-2022-36895.txt,/path/to/repo/jenkinsci@@compuware-topaz-utilities-plugin,/path/to/workdir
CVE-2024-39460,/path/to/diff/CVE-2024-39460/CVE-2024-39460.txt,/path/to/repo/jenkinsci@@bitbucket-branch-source-plugin,/path/to/workdir
CVE-2024-25145,/path/to/diff/CVE-2024-25145/CVE-2024-25145.txt,/path/to/repo/liferay@@liferay-portal,/path/to/workdir
CVE-2020-5397,/path/to/diff/CVE-2020-5397/CVE-2020-5397.txt,/path/to/repo/spring-projects@@spring-framework,/path/to/workdir
CVE-2022-27199,/path/to/diff/CVE-2022-27199/CVE-2022-27199.txt,/path/to/repo/jenkinsci@@aws-credentials-plugin,/path/to/workdir
CVE-2023-2196,/path/to/diff/CVE-2023-2196/CVE-2023-2196.txt,/path/to/repo/jenkinsci@@codedx-plugin,/path/to/workdir
CVE-2022-4566,/path/to/diff/CVE-2022-4566/CVE-2022-4566.txt,/path/to/repo/yangzongzhuan@@RuoYi,/path/to/workdir
CVE-2020-13925,/path/to/diff/CVE-2020-13925/CVE-2020-13925.txt,/path/to/repo/apache@@kylin,/path/to/workdir
CVE-2021-27582,/path/to/diff/CVE-2021-27582/CVE-2021-27582.txt,/path/to/repo/mitreid-connect@@OpenID-Connect-Java-Spring-Server,/path/to/workdir
CVE-2020-2100,/path/to/diff/CVE-2020-2100/CVE-2020-2100.txt,/path/to/repo/jenkinsci@@jenkins,/path/to/workdir
CVE-2020-17521,/path/to/diff/CVE-2020-17521/CVE-2020-17521.txt,/path/to/repo/apache@@groovy,/path/to/workdir
CVE-2023-26471,/path/to/diff/CVE-2023-26471/CVE-2023-26471.txt,/path/to/repo/xwiki@@xwiki-platform,/path/to/workdir
CVE-2023-2585,/path/to/diff/CVE-2023-2585/CVE-2023-2585.txt,/path/to/repo/keycloak@@keycloak,/path/to/workdir
CVE-2021-35515,/path/to/diff/CVE-2021-35515/CVE-2021-35515.txt,/path/to/repo/apache@@commons-compress,/path/to/workdir
CVE-2022-28137,/path/to/diff/CVE-2022-28137/CVE-2022-28137.txt,/path/to/repo/jenkinsci@@JiraTestResultReporter-plugin,/path/to/workdir
CVE-2022-41881,/path/to/diff/CVE-2022-41881/CVE-2022-41881.txt,/path/to/repo/netty@@netty,/path/to/workdir
CVE-2024-22588,/path/to/diff/CVE-2024-22588/CVE-2024-22588.txt,/path/to/repo/ptrd@@kwik,/path/to/workdir
CVE-2020-5413,/path/to/diff/CVE-2020-5413/CVE-2020-5413.txt,/path/to/repo/spring-projects@@spring-integration,/path/to/workdir
CVE-2021-21292,/path/to/diff/CVE-2021-21292/CVE-2021-21292.txt,/path/to/repo/traccar@@traccar,/path/to/workdir
CVE-2020-5408,/path/to/diff/CVE-2020-5408/CVE-2020-5408.txt,/path/to/repo/spring-projects@@spring-security,/path/to/workdir
CVE-2020-1963,/path/to/diff/CVE-2020-1963/CVE-2020-1963.txt,/path/to/repo/apache@@ignite,/path/to/workdir
CVE-2020-2307,/path/to/diff/CVE-2020-2307/CVE-2020-2307.txt,/path/to/repo/jenkinsci@@kubernetes-plugin,/path/to/workdir
CVE-2023-34602,/path/to/diff/CVE-2023-34602/CVE-2023-34602.txt,/path/to/repo/jeecgboot@@jeecg-boot,/path/to/workdir
CVE-2023-23612,/path/to/diff/CVE-2023-23612/CVE-2023-23612.txt,/path/to/repo/opensearch-project@@OpenSearch,/path/to/workdir
CVE-2023-44310,/path/to/diff/CVE-2023-44310/CVE-2023-44310.txt,/path/to/repo/liferay@@liferay-portal,/path/to/workdir
CVE-2022-28144,/path/to/diff/CVE-2022-28144/CVE-2022-28144.txt,/path/to/repo/jenkinsci@@proxmox-plugin,/path/to/workdir
CVE-2022-28367,/path/to/diff/CVE-2022-28367/CVE-2022-28367.txt,/path/to/repo/nahsra@@antisamy,/path/to/workdir
CVE-2020-2110,/path/to/diff/CVE-2020-2110/CVE-2020-2110.txt,/path/to/repo/jenkinsci@@script-security-plugin,/path/to/workdir
CVE-2022-47105,/path/to/diff/CVE-2022-47105/CVE-2022-47105.txt,/path/to/repo/jeecgboot@@jeecg-boot,/path/to/workdir
CVE-2022-26049,/path/to/diff/CVE-2022-26049/CVE-2022-26049.txt,/path/to/repo/diffplug@@goomph,/path/to/workdir
CVE-2022-25192,/path/to/diff/CVE-2022-25192/CVE-2022-25192.txt,/path/to/repo/jenkinsci@@snowsoftware-commander-plugin,/path/to/workdir
CVE-2023-34434,/path/to/diff/CVE-2023-34434/CVE-2023-34434.txt,/path/to/repo/apache@@inlong,/path/to/workdir
CVE-2022-3952,/path/to/diff/CVE-2022-3952/CVE-2022-3952.txt,/path/to/repo/ManyDesigns@@Portofino,/path/to/workdir
CVE-2020-10968,/path/to/diff/CVE-2020-10968/CVE-2020-10968.txt,/path/to/repo/FasterXML@@jackson-databind,/path/to/workdir
CVE-2020-13921,/path/to/diff/CVE-2020-13921/CVE-2020-13921.txt,/path/to/repo/apache@@skywalking,/path/to/workdir
CVE-2020-36634,/path/to/diff/CVE-2020-36634/CVE-2020-36634.txt,/path/to/repo/indeedeng@@util,/path/to/workdir
CVE-2022-30946,/path/to/diff/CVE-2022-30946/CVE-2022-30946.txt,/path/to/repo/jenkinsci@@script-security-plugin,/path/to/workdir
CVE-2020-2105,/path/to/diff/CVE-2020-2105/CVE-2020-2105.txt,/path/to/repo/jenkinsci@@jenkins,/path/to/workdir
CVE-2021-25646,/path/to/diff/CVE-2021-25646/CVE-2021-25646.txt,/path/to/repo/apache@@druid,/path/to/workdir
CVE-2023-28708,/path/to/diff/CVE-2023-28708/CVE-2023-28708.txt,/path/to/repo/apache@@tomcat,/path/to/workdir
CVE-2023-6927,/path/to/diff/CVE-2023-6927/CVE-2023-6927.txt,/path/to/repo/keycloak@@keycloak,/path/to/workdir
CVE-2022-30955,/path/to/diff/CVE-2022-30955/CVE-2022-30955.txt,/path/to/repo/jenkinsci@@gitlab-plugin,/path/to/workdir
CVE-2022-33140,/path/to/diff/CVE-2022-33140/CVE-2022-33140.txt,/path/to/repo/apache@@nifi,/path/to/workdir
CVE-2022-30945,/path/to/diff/CVE-2022-30945/CVE-2022-30945.txt,/path/to/repo/jenkinsci@@workflow-cps-plugin,/path/to/workdir
CVE-2024-30172,/path/to/diff/CVE-2024-30172/CVE-2024-30172.txt,/path/to/repo/bcgit@@bc-java,/path/to/workdir
CVE-2022-43424,/path/to/diff/CVE-2022-43424/CVE-2022-43424.txt,/path/to/repo/jenkinsci@@compuware-xpediter-code-coverage-plugin,/path/to/workdir
CVE-2022-45462,/path/to/diff/CVE-2022-45462/CVE-2022-45462.txt,/path/to/repo/apache@@dolphinscheduler,/path/to/workdir
CVE-2020-6950,/path/to/diff/CVE-2020-6950/CVE-2020-6950.txt,/path/to/repo/eclipse-ee4j@@mojarra,/path/to/workdir
CVE-2021-44791,/path/to/diff/CVE-2021-44791/CVE-2021-44791.txt,/path/to/repo/apache@@druid,/path/to/workdir
CVE-2022-23111,/path/to/diff/CVE-2022-23111/CVE-2022-23111.txt,/path/to/repo/jenkinsci@@publish-over-ssh-plugin,/path/to/workdir
CVE-2021-21409,/path/to/diff/CVE-2021-21409/CVE-2021-21409.txt,/path/to/repo/netty@@netty,/path/to/workdir
CVE-2022-4903,/path/to/diff/CVE-2022-4903/CVE-2022-4903.txt,/path/to/repo/codenameone@@CodenameOne,/path/to/workdir
CVE-2021-21610,/path/to/diff/CVE-2021-21610/CVE-2021-21610.txt,/path/to/repo/jenkinsci@@jenkins,/path/to/workdir
CVE-2022-34917,/path/to/diff/CVE-2022-34917/CVE-2022-34917.txt,/path/to/repo/apache@@kafka,/path/to/workdir
CVE-2024-23897,/path/to/diff/CVE-2024-23897/CVE-2024-23897.txt,/path/to/repo/jenkinsci@@jenkins,/path/to/workdir
CVE-2020-25689,/path/to/diff/CVE-2020-25689/CVE-2020-25689.txt,/path/to/repo/wildfly@@wildfly-core,/path/to/workdir
CVE-2023-5379,/path/to/diff/CVE-2023-5379/CVE-2023-5379.txt,/path/to/repo/undertow-io@@undertow,/path/to/workdir
CVE-2020-28865,/path/to/diff/CVE-2020-28865/CVE-2020-28865.txt,/path/to/repo/PowerJob@@PowerJob,/path/to/workdir
CVE-2022-43410,/path/to/diff/CVE-2022-43410/CVE-2022-43410.txt,/path/to/repo/jenkinsci@@mercurial-plugin,/path/to/workdir
CVE-2023-0872,/path/to/diff/CVE-2023-0872/CVE-2023-0872.txt,/path/to/repo/OpenNMS@@opennms,/path/to/workdir
CVE-2023-24441,/path/to/diff/CVE-2023-24441/CVE-2023-24441.txt,/path/to/repo/jenkinsci@@mstest-plugin,/path/to/workdir
CVE-2022-25842,/path/to/diff/CVE-2022-25842/CVE-2022-25842.txt,/path/to/repo/alibaba@@one-java-agent,/path/to/workdir
CVE-2023-50380,/path/to/diff/CVE-2023-50380/CVE-2023-50380.txt,/path/to/repo/apache@@ambari,/path/to/workdir
CVE-2024-29868,/path/to/diff/CVE-2024-29868/CVE-2024-29868.txt,/path/to/repo/apache@@streampipes,/path/to/workdir
CVE-2022-34180,/path/to/diff/CVE-2022-34180/CVE-2022-34180.txt,/path/to/repo/jenkinsci@@embeddable-build-status-plugin,/path/to/workdir
CVE-2022-48114,/path/to/diff/CVE-2022-48114/CVE-2022-48114.txt,/path/to/repo/yangzongzhuan@@RuoYi,/path/to/workdir
CVE-2024-25151,/path/to/diff/CVE-2024-25151/CVE-2024-25151.txt,/path/to/repo/liferay@@liferay-portal,/path/to/workdir
CVE-2023-39410,/path/to/diff/CVE-2023-39410/CVE-2023-39410.txt,/path/to/repo/apache@@avro,/path/to/workdir
CVE-2022-0084,/path/to/diff/CVE-2022-0084/CVE-2022-0084.txt,/path/to/repo/xnio@@xnio,/path/to/workdir
CVE-2023-48795,/path/to/diff/CVE-2023-48795/CVE-2023-48795.txt,/path/to/repo/connectbot@@sshlib,/path/to/workdir
CVE-2022-23113,/path/to/diff/CVE-2022-23113/CVE-2022-23113.txt,/path/to/repo/jenkinsci@@publish-over-ssh-plugin,/path/to/workdir
CVE-2022-21363,/path/to/diff/CVE-2022-21363/CVE-2022-21363.txt,/path/to/repo/mysql@@mysql-connector-j,/path/to/workdir
CVE-2023-40191,/path/to/diff/CVE-2023-40191/CVE-2023-40191.txt,/path/to/repo/liferay@@liferay-portal,/path/to/workdir
CVE-2023-44483,/path/to/diff/CVE-2023-44483/CVE-2023-44483.txt,/path/to/repo/apache@@santuario-xml-security-java,/path/to/workdir
CVE-2021-41042,/path/to/diff/CVE-2021-41042/CVE-2021-41042.txt,/path/to/repo/eclipse@@lyo,/path/to/workdir
CVE-2021-21698,/path/to/diff/CVE-2021-21698/CVE-2021-21698.txt,/path/to/repo/jenkinsci@@subversion-plugin,/path/to/workdir
CVE-2022-24613,/path/to/diff/CVE-2022-24613/CVE-2022-24613.txt,/path/to/repo/drewnoakes@@metadata-extractor,/path/to/workdir
CVE-2022-42127,/path/to/diff/CVE-2022-42127/CVE-2022-42127.txt,/path/to/repo/liferay@@liferay-portal,/path/to/workdir
CVE-2023-28673,/path/to/diff/CVE-2023-28673/CVE-2023-28673.txt,/path/to/repo/jenkinsci@@octoperf-plugin,/path/to/workdir
CVE-2020-2253,/path/to/diff/CVE-2020-2253/CVE-2020-2253.txt,/path/to/repo/jenkinsci@@email-ext-plugin,/path/to/workdir
CVE-2020-11007,/path/to/diff/CVE-2020-11007/CVE-2020-11007.txt,/path/to/repo/shopizer-ecommerce@@shopizer,/path/to/workdir
CVE-2023-24830,/path/to/diff/CVE-2023-24830/CVE-2023-24830.txt,/path/to/repo/apache@@iotdb,/path/to/workdir
CVE-2023-26479,/path/to/diff/CVE-2023-26479/CVE-2023-26479.txt,/path/to/repo/xwiki@@xwiki-platform,/path/to/workdir
CVE-2021-36152,/path/to/diff/CVE-2021-36152/CVE-2021-36152.txt,/path/to/repo/apache@@gobblin,/path/to/workdir
CVE-2023-35157,/path/to/diff/CVE-2023-35157/CVE-2023-35157.txt,/path/to/repo/xwiki@@xwiki-platform,/path/to/workdir
CVE-2021-21684,/path/to/diff/CVE-2021-21684/CVE-2021-21684.txt,/path/to/repo/jenkinsci@@git-plugin,/path/to/workdir
CVE-2022-20617,/path/to/diff/CVE-2022-20617/CVE-2022-20617.txt,/path/to/repo/jenkinsci@@docker-commons-plugin,/path/to/workdir
CVE-2020-2090,/path/to/diff/CVE-2020-2090/CVE-2020-2090.txt,/path/to/repo/jenkinsci@@ec2-plugin,/path/to/workdir
CVE-2022-43423,/path/to/diff/CVE-2022-43423/CVE-2022-43423.txt,/path/to/repo/jenkinsci@@compuware-scm-downloader-plugin,/path/to/workdir
CVE-2023-49733,/path/to/diff/CVE-2023-49733/CVE-2023-49733.txt,/path/to/repo/apache@@cocoon,/path/to/workdir
CVE-2023-51441,/path/to/diff/CVE-2023-51441/CVE-2023-51441.txt,/path/to/repo/apache@@axis-axis1-java,/path/to/workdir
CVE-2020-36640,/path/to/diff/CVE-2020-36640/CVE-2020-36640.txt,/path/to/repo/bonitasoft@@bonita-connector-webservice,/path/to/workdir
CVE-2020-9479,/path/to/diff/CVE-2020-9479/CVE-2020-9479.txt,/path/to/repo/apache@@asterixdb,/path/to/workdir
CVE-2021-40146,/path/to/diff/CVE-2021-40146/CVE-2021-40146.txt,/path/to/repo/apache@@any23,/path/to/workdir
CVE-2020-27219,/path/to/diff/CVE-2020-27219/CVE-2020-27219.txt,/path/to/repo/eclipse@@hawkbit,/path/to/workdir
CVE-2020-26282,/path/to/diff/CVE-2020-26282/CVE-2020-26282.txt,/path/to/repo/browserup@@browserup-proxy,/path/to/workdir
CVE-2020-2311,/path/to/diff/CVE-2020-2311/CVE-2020-2311.txt,/path/to/repo/jenkinsci@@aws-global-configuration-plugin,/path/to/workdir
CVE-2020-11980,/path/to/diff/CVE-2020-11980/CVE-2020-11980.txt,/path/to/repo/apache@@karaf,/path/to/workdir
CVE-2021-25924,/path/to/diff/CVE-2021-25924/CVE-2021-25924.txt,/path/to/repo/gocd@@gocd,/path/to/workdir
CVE-2022-4963,/path/to/diff/CVE-2022-4963/CVE-2022-4963.txt,/path/to/repo/folio-org@@spring-module-core,/path/to/workdir
CVE-2023-41329,/path/to/diff/CVE-2023-41329/CVE-2023-41329.txt,/path/to/repo/wiremock@@wiremock,/path/to/workdir
CVE-2020-11620,/path/to/diff/CVE-2020-11620/CVE-2020-11620.txt,/path/to/repo/FasterXML@@jackson-databind,/path/to/workdir
CVE-2020-36321,/path/to/diff/CVE-2020-36321/CVE-2020-36321.txt,/path/to/repo/vaadin@@flow,/path/to/workdir
CVE-2023-0264,/path/to/diff/CVE-2023-0264/CVE-2023-0264.txt,/path/to/repo/keycloak@@keycloak,/path/to/workdir
CVE-2022-39367,/path/to/diff/CVE-2022-39367/CVE-2022-39367.txt,/path/to/repo/davemckain@@qtiworks,/path/to/workdir
CVE-2023-40167,/path/to/diff/CVE-2023-40167/CVE-2023-40167.txt,/path/to/repo/jetty@@jetty.project,/path/to/workdir
CVE-2022-28140,/path/to/diff/CVE-2022-28140/CVE-2022-28140.txt,/path/to/repo/jenkinsci@@flaky-test-handler-plugin,/path/to/workdir
CVE-2022-30948,/path/to/diff/CVE-2022-30948/CVE-2022-30948.txt,/path/to/repo/jenkinsci@@mercurial-plugin,/path/to/workdir
CVE-2021-27568,/path/to/diff/CVE-2021-27568/CVE-2021-27568.txt,/path/to/repo/netplex@@json-smart-v1,/path/to/workdir
CVE-2020-2235,/path/to/diff/CVE-2020-2235/CVE-2020-2235.txt,/path/to/repo/jenkinsci@@pipeline-maven-plugin,/path/to/workdir
CVE-2022-42125,/path/to/diff/CVE-2022-42125/CVE-2022-42125.txt,/path/to/repo/liferay@@liferay-portal,/path/to/workdir
CVE-2023-22043,/path/to/diff/CVE-2023-22043/CVE-2023-22043.txt,/path/to/repo/openjdk@@jfx,/path/to/workdir
CVE-2024-29025,/path/to/diff/CVE-2024-29025/CVE-2024-29025.txt,/path/to/repo/netty@@netty,/path/to/workdir
CVE-2021-26296,/path/to/diff/CVE-2021-26296/CVE-2021-26296.txt,/path/to/repo/apache@@myfaces,/path/to/workdir
CVE-2023-37895,/path/to/diff/CVE-2023-37895/CVE-2023-37895.txt,/path/to/repo/apache@@jackrabbit,/path/to/workdir
CVE-2022-29253,/path/to/diff/CVE-2022-29253/CVE-2022-29253.txt,/path/to/repo/xwiki@@xwiki-platform,/path/to/workdir
CVE-2021-27807,/path/to/diff/CVE-2021-27807/CVE-2021-27807.txt,/path/to/repo/apache@@pdfbox,/path/to/workdir
CVE-2023-41887,/path/to/diff/CVE-2023-41887/CVE-2023-41887.txt,/path/to/repo/OpenRefine@@OpenRefine,/path/to/workdir
CVE-2020-5428,/path/to/diff/CVE-2020-5428/CVE-2020-5428.txt,/path/to/repo/spring-cloud@@spring-cloud-task,/path/to/workdir
CVE-2023-31469,/path/to/diff/CVE-2023-31469/CVE-2023-31469.txt,/path/to/repo/apache@@streampipes,/path/to/workdir
CVE-2023-33940,/path/to/diff/CVE-2023-33940/CVE-2023-33940.txt,/path/to/repo/liferay@@liferay-portal,/path/to/workdir
CVE-2024-25148,/path/to/diff/CVE-2024-25148/CVE-2024-25148.txt,/path/to/repo/liferay@@liferay-portal,/path/to/workdir
CVE-2022-22965,/path/to/diff/CVE-2022-22965/CVE-2022-22965.txt,/path/to/repo/spring-projects@@spring-framework,/path/to/workdir
CVE-2024-22257,/path/to/diff/CVE-2024-22257/CVE-2024-22257.txt,/path/to/repo/spring-projects@@spring-security,/path/to/workdir
CVE-2020-2123,/path/to/diff/CVE-2020-2123/CVE-2020-2123.txt,/path/to/repo/jenkinsci@@radargun-plugin,/path/to/workdir
CVE-2023-40828,/path/to/diff/CVE-2023-40828/CVE-2023-40828.txt,/path/to/repo/pf4j@@pf4j,/path/to/workdir
CVE-2022-1278,/path/to/diff/CVE-2022-1278/CVE-2022-1278.txt,/path/to/repo/wildfly@@wildfly,/path/to/workdir
CVE-2022-45931,/path/to/diff/CVE-2022-45931/CVE-2022-45931.txt,/path/to/repo/opendaylight@@aaa,/path/to/workdir
CVE-2022-4772,/path/to/diff/CVE-2022-4772/CVE-2022-4772.txt,/path/to/repo/dgarijo@@Widoco,/path/to/workdir
CVE-2023-20866,/path/to/diff/CVE-2023-20866/CVE-2023-20866.txt,/path/to/repo/spring-projects@@spring-session,/path/to/workdir
CVE-2021-21479,/path/to/diff/CVE-2021-21479/CVE-2021-21479.txt,/path/to/repo/SAP@@scimono,/path/to/workdir
CVE-2023-41886,/path/to/diff/CVE-2023-41886/CVE-2023-41886.txt,/path/to/repo/OpenRefine@@OpenRefine,/path/to/workdir
CVE-2020-2202,/path/to/diff/CVE-2020-2202/CVE-2020-2202.txt,/path/to/repo/jenkinsci@@fortify-on-demand-uploader-plugin,/path/to/workdir
CVE-2020-11979,/path/to/diff/CVE-2020-11979/CVE-2020-11979.txt,/path/to/repo/apache@@ant,/path/to/workdir
CVE-2020-10727,/path/to/diff/CVE-2020-10727/CVE-2020-10727.txt,/path/to/repo/apache@@activemq-artemis,/path/to/workdir
CVE-2020-5427,/path/to/diff/CVE-2020-5427/CVE-2020-5427.txt,/path/to/repo/spring-cloud@@spring-cloud-dataflow,/path/to/workdir
CVE-2020-2144,/path/to/diff/CVE-2020-2144/CVE-2020-2144.txt,/path/to/repo/jenkinsci@@rundeck-plugin,/path/to/workdir
CVE-2023-28669,/path/to/diff/CVE-2023-28669/CVE-2023-28669.txt,/path/to/repo/jenkinsci@@jacoco-plugin,/path/to/workdir
CVE-2020-35509,/path/to/diff/CVE-2020-35509/CVE-2020-35509.txt,/path/to/repo/keycloak@@keycloak,/path/to/workdir
CVE-2022-45064,/path/to/diff/CVE-2022-45064/CVE-2022-45064.txt,/path/to/repo/apache@@sling-org-apache-sling-engine,/path/to/workdir
CVE-2022-25647,/path/to/diff/CVE-2022-25647/CVE-2022-25647.txt,/path/to/repo/google@@gson,/path/to/workdir
CVE-2023-39010,/path/to/diff/CVE-2023-39010/CVE-2023-39010.txt,/path/to/repo/lessthanoptimal@@BoofCV,/path/to/workdir
CVE-2021-21629,/path/to/diff/CVE-2021-21629/CVE-2021-21629.txt,/path/to/repo/jenkinsci@@build-with-parameters-plugin,/path/to/workdir
CVE-2023-24457,/path/to/diff/CVE-2023-24457/CVE-2023-24457.txt,/path/to/repo/jenkinsci@@keycloak-plugin,/path/to/workdir
CVE-2021-32729,/path/to/diff/CVE-2021-32729/CVE-2021-32729.txt,/path/to/repo/xwiki@@xwiki-platform,/path/to/workdir
CVE-2020-15087,/path/to/diff/CVE-2020-15087/CVE-2020-15087.txt,/path/to/repo/prestosql@@presto,/path/to/workdir
CVE-2023-35088,/path/to/diff/CVE-2023-35088/CVE-2023-35088.txt,/path/to/repo/apache@@inlong,/path/to/workdir
CVE-2022-39975,/path/to/diff/CVE-2022-39975/CVE-2022-39975.txt,/path/to/repo/liferay@@liferay-portal,/path/to/workdir
CVE-2020-2192,/path/to/diff/CVE-2020-2192/CVE-2020-2192.txt,/path/to/repo/jenkinsci@@swarm-plugin,/path/to/workdir
CVE-2020-15250,/path/to/diff/CVE-2020-15250/CVE-2020-15250.txt,/path/to/repo/junit-team@@junit4,/path/to/workdir
CVE-2020-5404,/path/to/diff/CVE-2020-5404/CVE-2020-5404.txt,/path/to/repo/reactor@@reactor-netty,/path/to/workdir
CVE-2022-26650,/path/to/diff/CVE-2022-26650/CVE-2022-26650.txt,/path/to/repo/apache@@incubator-shenyu,/path/to/workdir
CVE-2020-2292,/path/to/diff/CVE-2020-2292/CVE-2020-2292.txt,/path/to/repo/jenkinsci@@release-plugin,/path/to/workdir
CVE-2022-4375,/path/to/diff/CVE-2022-4375/CVE-2022-4375.txt,/path/to/repo/ming-soft@@MCMS,/path/to/workdir
CVE-2021-36151,/path/to/diff/CVE-2021-36151/CVE-2021-36151.txt,/path/to/repo/apache@@gobblin,/path/to/workdir
CVE-2023-43499,/path/to/diff/CVE-2023-43499/CVE-2023-43499.txt,/path/to/repo/jenkinsci@@build-failure-analyzer-plugin,/path/to/workdir
CVE-2023-43502,/path/to/diff/CVE-2023-43502/CVE-2023-43502.txt,/path/to/repo/jenkinsci@@build-failure-analyzer-plugin,/path/to/workdir
CVE-2023-1664,/path/to/diff/CVE-2023-1664/CVE-2023-1664.txt,/path/to/repo/keycloak@@keycloak,/path/to/workdir
CVE-2023-46227,/path/to/diff/CVE-2023-46227/CVE-2023-46227.txt,/path/to/repo/apache@@inlong,/path/to/workdir
CVE-2020-2153,/path/to/diff/CVE-2020-2153/CVE-2020-2153.txt,/path/to/repo/jenkinsci@@backlog-plugin,/path/to/workdir
CVE-2020-7622,/path/to/diff/CVE-2020-7622/CVE-2020-7622.txt,/path/to/repo/jooby-project@@jooby,/path/to/workdir
CVE-2022-31684,/path/to/diff/CVE-2022-31684/CVE-2022-31684.txt,/path/to/repo/reactor@@reactor-netty,/path/to/workdir
CVE-2021-29506,/path/to/diff/CVE-2021-29506/CVE-2021-29506.txt,/path/to/repo/graphhopper@@graphhopper,/path/to/workdir
CVE-2022-2191,/path/to/diff/CVE-2022-2191/CVE-2022-2191.txt,/path/to/repo/eclipse@@jetty.project,/path/to/workdir
CVE-2022-27207,/path/to/diff/CVE-2022-27207/CVE-2022-27207.txt,/path/to/repo/jenkinsci@@global-build-stats-plugin,/path/to/workdir
CVE-2024-22369,/path/to/diff/CVE-2024-22369/CVE-2024-22369.txt,/path/to/repo/apache@@camel,/path/to/workdir
CVE-2021-29043,/path/to/diff/CVE-2021-29043/CVE-2021-29043.txt,/path/to/repo/liferay@@liferay-portal,/path/to/workdir
CVE-2023-31064,/path/to/diff/CVE-2023-31064/CVE-2023-31064.txt,/path/to/repo/apache@@inlong,/path/to/workdir
CVE-2022-21126,/path/to/diff/CVE-2022-21126/CVE-2022-21126.txt,/path/to/repo/samtools@@htsjdk,/path/to/workdir
CVE-2023-24620,/path/to/diff/CVE-2023-24620/CVE-2023-24620.txt,/path/to/repo/EsotericSoftware@@yamlbeans,/path/to/workdir
CVE-2021-30560,/path/to/diff/CVE-2021-30560/CVE-2021-30560.txt,/path/to/repo/electron@@electron,/path/to/workdir
CVE-2023-32697,/path/to/diff/CVE-2023-32697/CVE-2023-32697.txt,/path/to/repo/xerial@@sqlite-jdbc,/path/to/workdir
CVE-2023-23847,/path/to/diff/CVE-2023-23847/CVE-2023-23847.txt,/path/to/repo/jenkinsci@@synopsys-coverity-plugin,/path/to/workdir
CVE-2022-25175,/path/to/diff/CVE-2022-25175/CVE-2022-25175.txt,/path/to/repo/jenkinsci@@workflow-multibranch-plugin,/path/to/workdir
CVE-2021-21604,/path/to/diff/CVE-2021-21604/CVE-2021-21604.txt,/path/to/repo/jenkinsci@@jenkins,/path/to/workdir
CVE-2020-10740,/path/to/diff/CVE-2020-10740/CVE-2020-10740.txt,/path/to/repo/wildfly@@wildfly,/path/to/workdir
CVE-2022-23553,/path/to/diff/CVE-2022-23553/CVE-2022-23553.txt,/path/to/repo/stevespringett@@Alpine,/path/to/workdir
CVE-2021-21641,/path/to/diff/CVE-2021-21641/CVE-2021-21641.txt,/path/to/repo/jenkinsci@@promoted-builds-plugin,/path/to/workdir
CVE-2023-24425,/path/to/diff/CVE-2023-24425/CVE-2023-24425.txt,/path/to/repo/jenkinsci@@kubernetes-credentials-provider-plugin,/path/to/workdir
CVE-2020-2304,/path/to/diff/CVE-2020-2304/CVE-2020-2304.txt,/path/to/repo/jenkinsci@@subversion-plugin,/path/to/workdir
CVE-2021-21621,/path/to/diff/CVE-2021-21621/CVE-2021-21621.txt,/path/to/repo/jenkinsci@@support-core-plugin,/path/to/workdir
CVE-2022-42117,/path/to/diff/CVE-2022-42117/CVE-2022-42117.txt,/path/to/repo/liferay@@liferay-portal,/path/to/workdir
CVE-2023-32310,/path/to/diff/CVE-2023-32310/CVE-2023-32310.txt,/path/to/repo/dataease@@dataease,/path/to/workdir
CVE-2023-34465,/path/to/diff/CVE-2023-34465/CVE-2023-34465.txt,/path/to/repo/xwiki@@xwiki-platform,/path/to/workdir
CVE-2023-23850,/path/to/diff/CVE-2023-23850/CVE-2023-23850.txt,/path/to/repo/jenkinsci@@synopsys-coverity-plugin,/path/to/workdir
CVE-2023-34462,/path/to/diff/CVE-2023-34462/CVE-2023-34462.txt,/path/to/repo/netty@@netty,/path/to/workdir
CVE-2022-29161,/path/to/diff/CVE-2022-29161/CVE-2022-29161.txt,/path/to/repo/xwiki@@xwiki-platform,/path/to/workdir
CVE-2021-21681,/path/to/diff/CVE-2021-21681/CVE-2021-21681.txt,/path/to/repo/jenkinsci@@nomad-plugin,/path/to/workdir
CVE-2023-31058,/path/to/diff/CVE-2023-31058/CVE-2023-31058.txt,/path/to/repo/apache@@inlong,/path/to/workdir
CVE-2022-1245,/path/to/diff/CVE-2022-1245/CVE-2022-1245.txt,/path/to/repo/keycloak@@keycloak,/path/to/workdir
CVE-2023-33201,/path/to/diff/CVE-2023-33201/CVE-2023-33201.txt,/path/to/repo/bcgit@@bc-java,/path/to/workdir
CVE-2021-4178,/path/to/diff/CVE-2021-4178/CVE-2021-4178.txt,/path/to/repo/fabric8io@@kubernetes-client,/path/to/workdir
CVE-2023-6484,/path/to/diff/CVE-2023-6484/CVE-2023-6484.txt,/path/to/repo/keycloak@@keycloak,/path/to/workdir
CVE-2023-43667,/path/to/diff/CVE-2023-43667/CVE-2023-43667.txt,/path/to/repo/apache@@inlong,/path/to/workdir
CVE-2023-49068,/path/to/diff/CVE-2023-49068/CVE-2023-49068.txt,/path/to/repo/apache@@dolphinscheduler,/path/to/workdir
CVE-2023-38905,/path/to/diff/CVE-2023-38905/CVE-2023-38905.txt,/path/to/repo/jeecgboot@@jeecg-boot,/path/to/workdir
CVE-2022-25184,/path/to/diff/CVE-2022-25184/CVE-2022-25184.txt,/path/to/repo/jenkinsci@@pipeline-build-step-plugin,/path/to/workdir
CVE-2023-1370,/path/to/diff/CVE-2023-1370/CVE-2023-1370.txt,/path/to/repo/netplex@@json-smart-v2,/path/to/workdir
CVE-2020-9483,/path/to/diff/CVE-2020-9483/CVE-2020-9483.txt,/path/to/repo/apache@@skywalking,/path/to/workdir
CVE-2020-11974,/path/to/diff/CVE-2020-11974/CVE-2020-11974.txt,/path/to/repo/apache@@incubator-dolphinscheduler,/path/to/workdir
CVE-2020-26234,/path/to/diff/CVE-2020-26234/CVE-2020-26234.txt,/path/to/repo/opencast@@opencast,/path/to/workdir
CVE-2020-17518,/path/to/diff/CVE-2020-17518/CVE-2020-17518.txt,/path/to/repo/apache@@flink,/path/to/workdir
CVE-2020-35460,/path/to/diff/CVE-2020-35460/CVE-2020-35460.txt,/path/to/repo/joniles@@mpxj,/path/to/workdir
CVE-2023-24422,/path/to/diff/CVE-2023-24422/CVE-2023-24422.txt,/path/to/repo/jenkinsci@@script-security-plugin,/path/to/workdir
CVE-2024-41667,/path/to/diff/CVE-2024-41667/CVE-2024-41667.txt,/path/to/repo/OpenIdentityPlatform@@OpenAM,/path/to/workdir
CVE-2022-41704,/path/to/diff/CVE-2022-41704/CVE-2022-41704.txt,/path/to/repo/apache@@xmlgraphics-batik,/path/to/workdir
CVE-2022-29052,/path/to/diff/CVE-2022-29052/CVE-2022-29052.txt,/path/to/repo/jenkinsci@@google-compute-engine-plugin,/path/to/workdir
CVE-2021-21680,/path/to/diff/CVE-2021-21680/CVE-2021-21680.txt,/path/to/repo/jenkinsci@@nested-view-plugin,/path/to/workdir
CVE-2023-50764,/path/to/diff/CVE-2023-50764/CVE-2023-50764.txt,/path/to/repo/jenkinsci@@scriptler-plugin,/path/to/workdir
CVE-2020-2182,/path/to/diff/CVE-2020-2182/CVE-2020-2182.txt,/path/to/repo/jenkinsci@@credentials-binding-plugin,/path/to/workdir
CVE-2023-34189,/path/to/diff/CVE-2023-34189/CVE-2023-34189.txt,/path/to/repo/apache@@inlong,/path/to/workdir
CVE-2021-21647,/path/to/diff/CVE-2021-21647/CVE-2021-21647.txt,/path/to/repo/jenkinsci@@electricflow-plugin,/path/to/workdir
CVE-2020-1953,/path/to/diff/CVE-2020-1953/CVE-2020-1953.txt,/path/to/repo/apache@@commons-configuration,/path/to/workdir
CVE-2021-21645,/path/to/diff/CVE-2021-21645/CVE-2021-21645.txt,/path/to/repo/jenkinsci@@config-file-provider-plugin,/path/to/workdir
CVE-2021-22572,/path/to/diff/CVE-2021-22572/CVE-2021-22572.txt,/path/to/repo/google@@data-transfer-project,/path/to/workdir
CVE-2023-29507,/path/to/diff/CVE-2023-29507/CVE-2023-29507.txt,/path/to/repo/xwiki@@xwiki-platform,/path/to/workdir
CVE-2022-24839,/path/to/diff/CVE-2022-24839/CVE-2022-24839.txt,/path/to/repo/sparklemotion@@nekohtml,/path/to/workdir
CVE-2022-40150,/path/to/diff/CVE-2022-40150/CVE-2022-40150.txt,/path/to/repo/jettison-json@@jettison,/path/to/workdir
CVE-2021-36372,/path/to/diff/CVE-2021-36372/CVE-2021-36372.txt,/path/to/repo/apache@@ozone,/path/to/workdir
CVE-2024-23900,/path/to/diff/CVE-2024-23900/CVE-2024-23900.txt,/path/to/repo/jenkinsci@@matrix-project-plugin,/path/to/workdir
CVE-2023-43498,/path/to/diff/CVE-2023-43498/CVE-2023-43498.txt,/path/to/repo/jenkinsci@@jenkins,/path/to/workdir
CVE-2021-43797,/path/to/diff/CVE-2021-43797/CVE-2021-43797.txt,/path/to/repo/netty@@netty,/path/to/workdir
CVE-2024-1722,/path/to/diff/CVE-2024-1722/CVE-2024-1722.txt,/path/to/repo/keycloak@@keycloak,/path/to/workdir
CVE-2022-24881,/path/to/diff/CVE-2022-24881/CVE-2022-24881.txt,/path/to/repo/ballcat-projects@@ballcat-codegen,/path/to/workdir
CVE-2020-2239,/path/to/diff/CVE-2020-2239/CVE-2020-2239.txt,/path/to/repo/jenkinsci@@parameterized-remote-trigger-plugin,/path/to/workdir
CVE-2023-40342,/path/to/diff/CVE-2023-40342/CVE-2023-40342.txt,/path/to/repo/jenkinsci@@flaky-test-handler-plugin,/path/to/workdir
CVE-2022-25193,/path/to/diff/CVE-2022-25193/CVE-2022-25193.txt,/path/to/repo/jenkinsci@@snowsoftware-commander-plugin,/path/to/workdir
CVE-2021-3690,/path/to/diff/CVE-2021-3690/CVE-2021-3690.txt,/path/to/repo/undertow-io@@undertow,/path/to/workdir
CVE-2022-37021,/path/to/diff/CVE-2022-37021/CVE-2022-37021.txt,/path/to/repo/apache@@geode,/path/to/workdir
CVE-2022-42129,/path/to/diff/CVE-2022-42129/CVE-2022-42129.txt,/path/to/repo/liferay@@liferay-portal,/path/to/workdir
CVE-2021-33323,/path/to/diff/CVE-2021-33323/CVE-2021-33323.txt,/path/to/repo/liferay@@liferay-portal,/path/to/workdir
CVE-2022-29237,/path/to/diff/CVE-2022-29237/CVE-2022-29237.txt,/path/to/repo/opencast@@opencast,/path/to/workdir
CVE-2022-47894,/path/to/diff/CVE-2022-47894/CVE-2022-47894.txt,/path/to/repo/apache@@zeppelin,/path/to/workdir
CVE-2022-25179,/path/to/diff/CVE-2022-25179/CVE-2022-25179.txt,/path/to/repo/jenkinsci@@workflow-multibranch-plugin,/path/to/workdir
CVE-2023-33544,/path/to/diff/CVE-2023-33544/CVE-2023-33544.txt,/path/to/repo/hawtio@@hawtio,/path/to/workdir
CVE-2020-2303,/path/to/diff/CVE-2020-2303/CVE-2020-2303.txt,/path/to/repo/jenkinsci@@active-directory-plugin,/path/to/workdir
CVE-2023-34455,/path/to/diff/CVE-2023-34455/CVE-2023-34455.txt,/path/to/repo/xerial@@snappy-java,/path/to/workdir
CVE-2020-1957,/path/to/diff/CVE-2020-1957/CVE-2020-1957.txt,/path/to/repo/apache@@shiro,/path/to/workdir
CVE-2022-40149,/path/to/diff/CVE-2022-40149/CVE-2022-40149.txt,/path/to/repo/jettison-json@@jettison,/path/to/workdir
CVE-2022-43396,/path/to/diff/CVE-2022-43396/CVE-2022-43396.txt,/path/to/repo/apache@@kylin,/path/to/workdir
CVE-2021-21656,/path/to/diff/CVE-2021-21656/CVE-2021-21656.txt,/path/to/repo/jenkinsci@@xcode-plugin,/path/to/workdir
CVE-2024-31868,/path/to/diff/CVE-2024-31868/CVE-2024-31868.txt,/path/to/repo/apache@@zeppelin,/path/to/workdir
CVE-2022-34179,/path/to/diff/CVE-2022-34179/CVE-2022-34179.txt,/path/to/repo/jenkinsci@@embeddable-build-status-plugin,/path/to/workdir
CVE-2021-38265,/path/to/diff/CVE-2021-38265/CVE-2021-38265.txt,/path/to/repo/liferay@@liferay-portal,/path/to/workdir
CVE-2023-51656,/path/to/diff/CVE-2023-51656/CVE-2023-51656.txt,/path/to/repo/apache@@iotdb,/path/to/workdir
CVE-2023-31141,/path/to/diff/CVE-2023-31141/CVE-2023-31141.txt,/path/to/repo/opensearch-project@@OpenSearch,/path/to/workdir
CVE-2022-40664,/path/to/diff/CVE-2022-40664/CVE-2022-40664.txt,/path/to/repo/apache@@shiro,/path/to/workdir
CVE-2024-23899,/path/to/diff/CVE-2024-23899/CVE-2024-23899.txt,/path/to/repo/jenkinsci@@git-server-plugin,/path/to/workdir
CVE-2023-46673,/path/to/diff/CVE-2023-46673/CVE-2023-46673.txt,/path/to/repo/elastic@@elasticsearch,/path/to/workdir
CVE-2022-24697,/path/to/diff/CVE-2022-24697/CVE-2022-24697.txt,/path/to/repo/apache@@kylin,/path/to/workdir
CVE-2023-23926,/path/to/diff/CVE-2023-23926/CVE-2023-23926.txt,/path/to/repo/neo4j@@apoc,/path/to/workdir
CVE-2023-6236,/path/to/diff/CVE-2023-6236/CVE-2023-6236.txt,/path/to/repo/wildfly-security@@wildfly-elytron,/path/to/workdir
CVE-2024-28254,/path/to/diff/CVE-2024-28254/CVE-2024-28254.txt,/path/to/repo/open-metadata@@OpenMetadata,/path/to/workdir
CVE-2024-31214,/path/to/diff/CVE-2024-31214/CVE-2024-31214.txt,/path/to/repo/traccar@@traccar,/path/to/workdir
CVE-2021-29048,/path/to/diff/CVE-2021-29048/CVE-2021-29048.txt,/path/to/repo/liferay@@liferay-portal,/path/to/workdir
CVE-2023-40337,/path/to/diff/CVE-2023-40337/CVE-2023-40337.txt,/path/to/repo/jenkinsci@@cloudbees-folder-plugin,/path/to/workdir
CVE-2024-31864,/path/to/diff/CVE-2024-31864/CVE-2024-31864.txt,/path/to/repo/apache@@zeppelin,/path/to/workdir
CVE-2023-46502,/path/to/diff/CVE-2023-46502/CVE-2023-46502.txt,/path/to/repo/opencrx@@opencrx,/path/to/workdir
CVE-2024-24809,/path/to/diff/CVE-2024-24809/CVE-2024-24809.txt,/path/to/repo/traccar@@traccar,/path/to/workdir
CVE-2022-24913,/path/to/diff/CVE-2022-24913/CVE-2022-24913.txt,/path/to/repo/cowtowncoder@@java-merge-sort,/path/to/workdir
CVE-2020-2241,/path/to/diff/CVE-2020-2241/CVE-2020-2241.txt,/path/to/repo/jenkinsci@@database-plugin,/path/to/workdir
CVE-2022-36898,/path/to/diff/CVE-2022-36898/CVE-2022-36898.txt,/path/to/repo/jenkinsci@@compuware-ispw-operations-plugin,/path/to/workdir
CVE-2021-22113,/path/to/diff/CVE-2021-22113/CVE-2021-22113.txt,/path/to/repo/spring-cloud@@spring-cloud-netflix,/path/to/workdir
CVE-2023-40345,/path/to/diff/CVE-2023-40345/CVE-2023-40345.txt,/path/to/repo/jenkinsci@@delphix-plugin,/path/to/workdir
CVE-2020-26238,/path/to/diff/CVE-2020-26238/CVE-2020-26238.txt,/path/to/repo/jmrozanec@@cron-utils,/path/to/workdir
CVE-2021-38263,/path/to/diff/CVE-2021-38263/CVE-2021-38263.txt,/path/to/repo/liferay@@liferay-portal,/path/to/workdir
CVE-2022-32287,/path/to/diff/CVE-2022-32287/CVE-2022-32287.txt,/path/to/repo/apache@@uima-uimaj,/path/to/workdir
CVE-2020-27216,/path/to/diff/CVE-2020-27216/CVE-2020-27216.txt,/path/to/repo/eclipse@@jetty.project,/path/to/workdir
CVE-2023-46243,/path/to/diff/CVE-2023-46243/CVE-2023-46243.txt,/path/to/repo/xwiki@@xwiki-platform,/path/to/workdir
CVE-2024-6162,/path/to/diff/CVE-2024-6162/CVE-2024-6162.txt,/path/to/repo/undertow-io@@undertow,/path/to/workdir
CVE-2022-1848,/path/to/diff/CVE-2022-1848/CVE-2022-1848.txt,/path/to/repo/erudika@@para,/path/to/workdir
CVE-2020-10672,/path/to/diff/CVE-2020-10672/CVE-2020-10672.txt,/path/to/repo/FasterXML@@jackson-databind,/path/to/workdir
CVE-2022-3916,/path/to/diff/CVE-2022-3916/CVE-2022-3916.txt,/path/to/repo/keycloak@@keycloak,/path/to/workdir
CVE-2020-2102,/path/to/diff/CVE-2020-2102/CVE-2020-2102.txt,/path/to/repo/jenkinsci@@jenkins,/path/to/workdir
CVE-2023-30465,/path/to/diff/CVE-2023-30465/CVE-2023-30465.txt,/path/to/repo/apache@@inlong,/path/to/workdir
CVE-2022-39368,/path/to/diff/CVE-2022-39368/CVE-2022-39368.txt,/path/to/repo/eclipse-californium@@californium,/path/to/workdir
CVE-2023-29528,/path/to/diff/CVE-2023-29528/CVE-2023-29528.txt,/path/to/repo/xwiki@@xwiki-commons,/path/to/workdir
CVE-2024-25147,/path/to/diff/CVE-2024-25147/CVE-2024-25147.txt,/path/to/repo/liferay@@liferay-portal,/path/to/workdir
CVE-2022-45047,/path/to/diff/CVE-2022-45047/CVE-2022-45047.txt,/path/to/repo/apache@@mina-sshd,/path/to/workdir
CVE-2022-36893,/path/to/diff/CVE-2022-36893/CVE-2022-36893.txt,/path/to/repo/jenkinsci@@rpmsign-plugin,/path/to/workdir
CVE-2020-17534,/path/to/diff/CVE-2020-17534/CVE-2020-17534.txt,/path/to/repo/apache@@netbeans-html4j,/path/to/workdir
CVE-2024-36042,/path/to/diff/CVE-2024-36042/CVE-2024-36042.txt,/path/to/repo/Silverpeas@@Silverpeas-Core,/path/to/workdir
CVE-2023-37908,/path/to/diff/CVE-2023-37908/CVE-2023-37908.txt,/path/to/repo/xwiki@@xwiki-rendering,/path/to/workdir
CVE-2020-1732,/path/to/diff/CVE-2020-1732/CVE-2020-1732.txt,/path/to/repo/wildfly-security@@soteria,/path/to/workdir
CVE-2024-34696,/path/to/diff/CVE-2024-34696/CVE-2024-34696.txt,/path/to/repo/geoserver@@geoserver,/path/to/workdir
CVE-2024-39031,/path/to/diff/CVE-2024-39031/CVE-2024-39031.txt,/path/to/repo/Silverpeas@@Silverpeas-Core,/path/to/workdir
CVE-2021-29500,/path/to/diff/CVE-2021-29500/CVE-2021-29500.txt,/path/to/repo/fxbin@@bubble-fireworks,/path/to/workdir
CVE-2021-44139,/path/to/diff/CVE-2021-44139/CVE-2021-44139.txt,/path/to/repo/alibaba@@Sentinel,/path/to/workdir
CVE-2022-41828,/path/to/diff/CVE-2022-41828/CVE-2022-41828.txt,/path/to/repo/aws@@amazon-redshift-jdbc-driver,/path/to/workdir
CVE-2020-2093,/path/to/diff/CVE-2020-2093/CVE-2020-2093.txt,/path/to/repo/jenkinsci@@cloudbees-jenkins-advisor-plugin,/path/to/workdir
CVE-2023-33546,/path/to/diff/CVE-2023-33546/CVE-2023-33546.txt,/path/to/repo/janino-compiler@@janino,/path/to/workdir
CVE-2023-31544,/path/to/diff/CVE-2023-31544/CVE-2023-31544.txt,/path/to/repo/alkacon@@opencms-core,/path/to/workdir
CVE-2020-2160,/path/to/diff/CVE-2020-2160/CVE-2020-2160.txt,/path/to/repo/jenkinsci@@jenkins,/path/to/workdir
CVE-2023-33947,/path/to/diff/CVE-2023-33947/CVE-2023-33947.txt,/path/to/repo/liferay@@liferay-portal,/path/to/workdir
CVE-2020-1758,/path/to/diff/CVE-2020-1758/CVE-2020-1758.txt,/path/to/repo/keycloak@@keycloak,/path/to/workdir
CVE-2022-43414,/path/to/diff/CVE-2022-43414/CVE-2022-43414.txt,/path/to/repo/jenkinsci@@nunit-plugin,/path/to/workdir
CVE-2022-38512,/path/to/diff/CVE-2022-38512/CVE-2022-38512.txt,/path/to/repo/liferay@@liferay-portal,/path/to/workdir
CVE-2023-42496,/path/to/diff/CVE-2023-42496/CVE-2023-42496.txt,/path/to/repo/liferay@@liferay-portal,/path/to/workdir
CVE-2022-41853,/path/to/diff/CVE-2022-41853/CVE-2022-41853.txt,/path/to/repo/ryenus@@hsqldb,/path/to/workdir
CVE-2020-1959,/path/to/diff/CVE-2020-1959/CVE-2020-1959.txt,/path/to/repo/apache@@syncope,/path/to/workdir
CVE-2022-1259,/path/to/diff/CVE-2022-1259/CVE-2022-1259.txt,/path/to/repo/undertow-io@@undertow,/path/to/workdir
CVE-2023-43123,/path/to/diff/CVE-2023-43123/CVE-2023-43123.txt,/path/to/repo/apache@@storm,/path/to/workdir
CVE-2022-4245,/path/to/diff/CVE-2022-4245/CVE-2022-4245.txt,/path/to/repo/codehaus-plexus@@plexus-utils,/path/to/workdir
CVE-2022-45935,/path/to/diff/CVE-2022-45935/CVE-2022-45935.txt,/path/to/repo/apache@@james-project,/path/to/workdir
CVE-2020-27838,/path/to/diff/CVE-2020-27838/CVE-2020-27838.txt,/path/to/repo/keycloak@@keycloak,/path/to/workdir
CVE-2023-27025,/path/to/diff/CVE-2023-27025/CVE-2023-27025.txt,/path/to/repo/yangzongzhuan@@RuoYi,/path/to/workdir
CVE-2020-2302,/path/to/diff/CVE-2020-2302/CVE-2020-2302.txt,/path/to/repo/jenkinsci@@active-directory-plugin,/path/to/workdir
CVE-2021-33333,/path/to/diff/CVE-2021-33333/CVE-2021-33333.txt,/path/to/repo/liferay@@liferay-portal,/path/to/workdir
CVE-2023-46654,/path/to/diff/CVE-2023-46654/CVE-2023-46654.txt,/path/to/repo/jenkinsci@@electricflow-plugin,/path/to/workdir
CVE-2020-14297,/path/to/diff/CVE-2020-14297/CVE-2020-14297.txt,/path/to/repo/wildfly@@jboss-ejb-client,/path/to/workdir
CVE-2020-13931,/path/to/diff/CVE-2020-13931/CVE-2020-13931.txt,/path/to/repo/apache@@tomee,/path/to/workdir
CVE-2021-45458,/path/to/diff/CVE-2021-45458/CVE-2021-45458.txt,/path/to/repo/apache@@kylin,/path/to/workdir
CVE-2020-2290,/path/to/diff/CVE-2020-2290/CVE-2020-2290.txt,/path/to/repo/jenkinsci@@active-choices-plugin,/path/to/workdir
CVE-2022-42131,/path/to/diff/CVE-2022-42131/CVE-2022-42131.txt,/path/to/repo/liferay@@liferay-portal,/path/to/workdir
CVE-2022-36896,/path/to/diff/CVE-2022-36896/CVE-2022-36896.txt,/path/to/repo/jenkinsci@@compuware-scm-downloader-plugin,/path/to/workdir
CVE-2023-45278,/path/to/diff/CVE-2023-45278/CVE-2023-45278.txt,/path/to/repo/yamcs@@yamcs,/path/to/workdir
CVE-2021-20323,/path/to/diff/CVE-2021-20323/CVE-2021-20323.txt,/path/to/repo/keycloak@@keycloak,/path/to/workdir
CVE-2021-21607,/path/to/diff/CVE-2021-21607/CVE-2021-21607.txt,/path/to/repo/jenkinsci@@jenkins,/path/to/workdir
CVE-2020-7020,/path/to/diff/CVE-2020-7020/CVE-2020-7020.txt,/path/to/repo/elastic@@elasticsearch,/path/to/workdir
CVE-2023-37955,/path/to/diff/CVE-2023-37955/CVE-2023-37955.txt,/path/to/repo/jenkinsci@@test-results-aggregator-plugin,/path/to/workdir
CVE-2021-21295,/path/to/diff/CVE-2021-21295/CVE-2021-21295.txt,/path/to/repo/netty@@netty,/path/to/workdir
CVE-2022-0672,/path/to/diff/CVE-2022-0672/CVE-2022-0672.txt,/path/to/repo/eclipse@@lemminx,/path/to/workdir
CVE-2020-2252,/path/to/diff/CVE-2020-2252/CVE-2020-2252.txt,/path/to/repo/jenkinsci@@mailer-plugin,/path/to/workdir
CVE-2022-31190,/path/to/diff/CVE-2022-31190/CVE-2022-31190.txt,/path/to/repo/DSpace@@DSpace,/path/to/workdir
CVE-2022-1466,/path/to/diff/CVE-2022-1466/CVE-2022-1466.txt,/path/to/repo/keycloak@@keycloak,/path/to/workdir
CVE-2022-25312,/path/to/diff/CVE-2022-25312/CVE-2022-25312.txt,/path/to/repo/apache@@any23,/path/to/workdir
CVE-2022-39944,/path/to/diff/CVE-2022-39944/CVE-2022-39944.txt,/path/to/repo/apache@@incubator-linkis,/path/to/workdir
CVE-2022-28143,/path/to/diff/CVE-2022-28143/CVE-2022-28143.txt,/path/to/repo/jenkinsci@@proxmox-plugin,/path/to/workdir
CVE-2023-31454,/path/to/diff/CVE-2023-31454/CVE-2023-31454.txt,/path/to/repo/apache@@inlong,/path/to/workdir
CVE-2023-29055,/path/to/diff/CVE-2023-29055/CVE-2023-29055.txt,/path/to/repo/apache@@kylin,/path/to/workdir
CVE-2023-26513,/path/to/diff/CVE-2023-26513/CVE-2023-26513.txt,/path/to/repo/apache@@sling-org-apache-sling-resourcemerger,/path/to/workdir
CVE-2024-34447,/path/to/diff/CVE-2024-34447/CVE-2024-34447.txt,/path/to/repo/bcgit@@bc-java,/path/to/workdir
CVE-2023-43501,/path/to/diff/CVE-2023-43501/CVE-2023-43501.txt,/path/to/repo/jenkinsci@@build-failure-analyzer-plugin,/path/to/workdir
CVE-2023-49250,/path/to/diff/CVE-2023-49250/CVE-2023-49250.txt,/path/to/repo/apache@@dolphinscheduler,/path/to/workdir
CVE-2020-12642,/path/to/diff/CVE-2020-12642/CVE-2020-12642.txt,/path/to/repo/reportportal@@service-api,/path/to/workdir
CVE-2024-25420,/path/to/diff/CVE-2024-25420/CVE-2024-25420.txt,/path/to/repo/igniterealtime@@Openfire,/path/to/workdir
CVE-2021-25640,/path/to/diff/CVE-2021-25640/CVE-2021-25640.txt,/path/to/repo/apache@@dubbo,/path/to/workdir
CVE-2023-30601,/path/to/diff/CVE-2023-30601/CVE-2023-30601.txt,/path/to/repo/apache@@cassandra,/path/to/workdir
CVE-2022-29599,/path/to/diff/CVE-2022-29599/CVE-2022-29599.txt,/path/to/repo/apache@@maven-shared-utils,/path/to/workdir
CVE-2022-36364,/path/to/diff/CVE-2022-36364/CVE-2022-36364.txt,/path/to/repo/apache@@calcite-avatica,/path/to/workdir
CVE-2020-15232,/path/to/diff/CVE-2020-15232/CVE-2020-15232.txt,/path/to/repo/mapfish@@mapfish-print,/path/to/workdir
CVE-2023-33948,/path/to/diff/CVE-2023-33948/CVE-2023-33948.txt,/path/to/repo/liferay@@liferay-portal,/path/to/workdir
CVE-2022-43411,/path/to/diff/CVE-2022-43411/CVE-2022-43411.txt,/path/to/repo/jenkinsci@@gitlab-plugin,/path/to/workdir
CVE-2020-11612,/path/to/diff/CVE-2020-11612/CVE-2020-11612.txt,/path/to/repo/netty@@netty,/path/to/workdir
CVE-2022-24827,/path/to/diff/CVE-2022-24827/CVE-2022-24827.txt,/path/to/repo/yahoo@@elide,/path/to/workdir
CVE-2023-51770,/path/to/diff/CVE-2023-51770/CVE-2023-51770.txt,/path/to/repo/apache@@dolphinscheduler,/path/to/workdir
CVE-2023-45279,/path/to/diff/CVE-2023-45279/CVE-2023-45279.txt,/path/to/repo/yamcs@@yamcs,/path/to/workdir
CVE-2022-46683,/path/to/diff/CVE-2022-46683/CVE-2022-46683.txt,/path/to/repo/jenkinsci@@google-login-plugin,/path/to/workdir
CVE-2023-38992,/path/to/diff/CVE-2023-38992/CVE-2023-38992.txt,/path/to/repo/jeecgboot@@jeecg-boot,/path/to/workdir
CVE-2023-46242,/path/to/diff/CVE-2023-46242/CVE-2023-46242.txt,/path/to/repo/xwiki@@xwiki-platform,/path/to/workdir
CVE-2022-43413,/path/to/diff/CVE-2022-43413/CVE-2022-43413.txt,/path/to/repo/jenkinsci@@job-import-plugin,/path/to/workdir
CVE-2024-1735,/path/to/diff/CVE-2024-1735/CVE-2024-1735.txt,/path/to/repo/line@@armeria,/path/to/workdir
CVE-2023-33944,/path/to/diff/CVE-2023-33944/CVE-2023-33944.txt,/path/to/repo/liferay@@liferay-portal,/path/to/workdir
CVE-2023-50572,/path/to/diff/CVE-2023-50572/CVE-2023-50572.txt,/path/to/repo/jline@@jline3,/path/to/workdir
CVE-2023-41699,/path/to/diff/CVE-2023-41699/CVE-2023-41699.txt,/path/to/repo/payara@@Payara,/path/to/workdir
CVE-2022-46688,/path/to/diff/CVE-2022-46688/CVE-2022-46688.txt,/path/to/repo/jenkinsci@@sonar-gerrit-plugin,/path/to/workdir
CVE-2020-13929,/path/to/diff/CVE-2020-13929/CVE-2020-13929.txt,/path/to/repo/apache@@zeppelin,/path/to/workdir
CVE-2020-2234,/path/to/diff/CVE-2020-2234/CVE-2020-2234.txt,/path/to/repo/jenkinsci@@pipeline-maven-plugin,/path/to/workdir
CVE-2020-2244,/path/to/diff/CVE-2020-2244/CVE-2020-2244.txt,/path/to/repo/jenkinsci@@build-failure-analyzer-plugin,/path/to/workdir
CVE-2021-33335,/path/to/diff/CVE-2021-33335/CVE-2021-33335.txt,/path/to/repo/liferay@@liferay-portal,/path/to/workdir
CVE-2020-2306,/path/to/diff/CVE-2020-2306/CVE-2020-2306.txt,/path/to/repo/jenkinsci@@mercurial-plugin,/path/to/workdir
CVE-2020-11987,/path/to/diff/CVE-2020-11987/CVE-2020-11987.txt,/path/to/repo/apache@@xmlgraphics-batik,/path/to/workdir
CVE-2023-22899,/path/to/diff/CVE-2023-22899/CVE-2023-22899.txt,/path/to/repo/srikanth-lingala@@zip4j,/path/to/workdir
CVE-2021-27576,/path/to/diff/CVE-2021-27576/CVE-2021-27576.txt,/path/to/repo/apache@@openmeetings,/path/to/workdir
CVE-2023-40338,/path/to/diff/CVE-2023-40338/CVE-2023-40338.txt,/path/to/repo/jenkinsci@@cloudbees-folder-plugin,/path/to/workdir
CVE-2022-29577,/path/to/diff/CVE-2022-29577/CVE-2022-29577.txt,/path/to/repo/nahsra@@antisamy,/path/to/workdir
CVE-2021-21666,/path/to/diff/CVE-2021-21666/CVE-2021-21666.txt,/path/to/repo/jenkinsci@@kiuwan-plugin,/path/to/workdir
CVE-2020-5411,/path/to/diff/CVE-2020-5411/CVE-2020-5411.txt,/path/to/repo/spring-projects@@spring-batch,/path/to/workdir
CVE-2024-31865,/path/to/diff/CVE-2024-31865/CVE-2024-31865.txt,/path/to/repo/apache@@zeppelin,/path/to/workdir
CVE-2024-39458,/path/to/diff/CVE-2024-39458/CVE-2024-39458.txt,/path/to/repo/jenkinsci@@structs-plugin,/path/to/workdir
CVE-2022-36894,/path/to/diff/CVE-2022-36894/CVE-2022-36894.txt,/path/to/repo/jenkinsci@@clif-performance-testing-plugin,/path/to/workdir
CVE-2021-20202,/path/to/diff/CVE-2021-20202/CVE-2021-20202.txt,/path/to/repo/keycloak@@keycloak,/path/to/workdir
CVE-2022-42121,/path/to/diff/CVE-2022-42121/CVE-2022-42121.txt,/path/to/repo/liferay@@liferay-portal,/path/to/workdir
CVE-2021-21631,/path/to/diff/CVE-2021-21631/CVE-2021-21631.txt,/path/to/repo/jenkinsci@@cloud-stats-plugin,/path/to/workdir
CVE-2022-4493,/path/to/diff/CVE-2022-4493/CVE-2022-4493.txt,/path/to/repo/scifio@@scifio,/path/to/workdir
CVE-2023-7272,/path/to/diff/CVE-2023-7272/CVE-2023-7272.txt,/path/to/repo/eclipse-ee4j@@parsson,/path/to/workdir
CVE-2024-5520,/path/to/diff/CVE-2024-5520/CVE-2024-5520.txt,/path/to/repo/alkacon@@opencms-core,/path/to/workdir
CVE-2022-25188,/path/to/diff/CVE-2022-25188/CVE-2022-25188.txt,/path/to/repo/jenkinsci@@fortify-plugin,/path/to/workdir
CVE-2020-7019,/path/to/diff/CVE-2020-7019/CVE-2020-7019.txt,/path/to/repo/elastic@@elasticsearch,/path/to/workdir
CVE-2022-0265,/path/to/diff/CVE-2022-0265/CVE-2022-0265.txt,/path/to/repo/hazelcast@@hazelcast,/path/to/workdir
CVE-2021-21318,/path/to/diff/CVE-2021-21318/CVE-2021-21318.txt,/path/to/repo/opencast@@opencast,/path/to/workdir
CVE-2021-22132,/path/to/diff/CVE-2021-22132/CVE-2021-22132.txt,/path/to/repo/elastic@@elasticsearch,/path/to/workdir
CVE-2021-3137,/path/to/diff/CVE-2021-3137/CVE-2021-3137.txt,/path/to/repo/xwiki@@xwiki-commons,/path/to/workdir
CVE-2020-2111,/path/to/diff/CVE-2020-2111/CVE-2020-2111.txt,/path/to/repo/jenkinsci@@subversion-plugin,/path/to/workdir
CVE-2024-22258,/path/to/diff/CVE-2024-22258/CVE-2024-22258.txt,/path/to/repo/spring-projects@@spring-authorization-server,/path/to/workdir
CVE-2022-43428,/path/to/diff/CVE-2022-43428/CVE-2022-43428.txt,/path/to/repo/jenkinsci@@compuware-topaz-for-total-test-plugin,/path/to/workdir
CVE-2022-23532,/path/to/diff/CVE-2022-23532/CVE-2022-23532.txt,/path/to/repo/neo4j-contrib@@neo4j-apoc-procedures,/path/to/workdir
CVE-2020-13959,/path/to/diff/CVE-2020-13959/CVE-2020-13959.txt,/path/to/repo/apache@@velocity-tools,/path/to/workdir
CVE-2023-24998,/path/to/diff/CVE-2023-24998/CVE-2023-24998.txt,/path/to/repo/apache@@tomcat,/path/to/workdir
CVE-2022-45206,/path/to/diff/CVE-2022-45206/CVE-2022-45206.txt,/path/to/repo/jeecgboot@@jeecg-boot,/path/to/workdir
CVE-2023-6787,/path/to/diff/CVE-2023-6787/CVE-2023-6787.txt,/path/to/repo/keycloak@@keycloak,/path/to/workdir
CVE-2022-34174,/path/to/diff/CVE-2022-34174/CVE-2022-34174.txt,/path/to/repo/jenkinsci@@jenkins,/path/to/workdir
CVE-2022-0839,/path/to/diff/CVE-2022-0839/CVE-2022-0839.txt,/path/to/repo/liquibase@@liquibase,/path/to/workdir
CVE-2021-40525,/path/to/diff/CVE-2021-40525/CVE-2021-40525.txt,/path/to/repo/apache@@james-project,/path/to/workdir
CVE-2020-2091,/path/to/diff/CVE-2020-2091/CVE-2020-2091.txt,/path/to/repo/jenkinsci@@ec2-plugin,/path/to/workdir
CVE-2024-3656,/path/to/diff/CVE-2024-3656/CVE-2024-3656.txt,/path/to/repo/keycloak@@keycloak,/path/to/workdir
CVE-2021-32634,/path/to/diff/CVE-2021-32634/CVE-2021-32634.txt,/path/to/repo/NationalSecurityAgency@@emissary,/path/to/workdir
CVE-2023-31453,/path/to/diff/CVE-2023-31453/CVE-2023-31453.txt,/path/to/repo/apache@@inlong,/path/to/workdir
CVE-2020-1729,/path/to/diff/CVE-2020-1729/CVE-2020-1729.txt,/path/to/repo/smallrye@@smallrye-config,/path/to/workdir
CVE-2022-26884,/path/to/diff/CVE-2022-26884/CVE-2022-26884.txt,/path/to/repo/apache@@dolphinscheduler,/path/to/workdir
CVE-2022-42467,/path/to/diff/CVE-2022-42467/CVE-2022-42467.txt,/path/to/repo/apache@@isis,/path/to/workdir
CVE-2022-43427,/path/to/diff/CVE-2022-43427/CVE-2022-43427.txt,/path/to/repo/jenkinsci@@compuware-topaz-for-total-test-plugin,/path/to/workdir
CVE-2021-35516,/path/to/diff/CVE-2021-35516/CVE-2021-35516.txt,/path/to/repo/apache@@commons-compress,/path/to/workdir
CVE-2021-28163,/path/to/diff/CVE-2021-28163/CVE-2021-28163.txt,/path/to/repo/eclipse@@jetty.project,/path/to/workdir
CVE-2021-29061,/path/to/diff/CVE-2021-29061/CVE-2021-29061.txt,/path/to/repo/fracpete@@vfsjfilechooser2,/path/to/workdir
CVE-2022-43419,/path/to/diff/CVE-2022-43419/CVE-2022-43419.txt,/path/to/repo/jenkinsci@@katalon-plugin,/path/to/workdir
CVE-2023-6563,/path/to/diff/CVE-2023-6563/CVE-2023-6563.txt,/path/to/repo/keycloak@@keycloak,/path/to/workdir
CVE-2022-29249,/path/to/diff/CVE-2022-29249/CVE-2022-29249.txt,/path/to/repo/JavaEZLib@@JavaEZ,/path/to/workdir
CVE-2022-36915,/path/to/diff/CVE-2022-36915/CVE-2022-36915.txt,/path/to/repo/jenkinsci@@android-signing-plugin,/path/to/workdir
CVE-2022-45320,/path/to/diff/CVE-2022-45320/CVE-2022-45320.txt,/path/to/repo/liferay@@liferay-portal,/path/to/workdir
CVE-2022-27772,/path/to/diff/CVE-2022-27772/CVE-2022-27772.txt,/path/to/repo/spring-projects@@spring-boot,/path/to/workdir
CVE-2023-24621,/path/to/diff/CVE-2023-24621/CVE-2023-24621.txt,/path/to/repo/EsotericSoftware@@yamlbeans,/path/to/workdir
CVE-2023-24997,/path/to/diff/CVE-2023-24997/CVE-2023-24997.txt,/path/to/repo/apache@@inlong,/path/to/workdir
CVE-2024-28848,/path/to/diff/CVE-2024-28848/CVE-2024-28848.txt,/path/to/repo/open-metadata@@OpenMetadata,/path/to/workdir
CVE-2021-23899,/path/to/diff/CVE-2021-23899/CVE-2021-23899.txt,/path/to/repo/OWASP@@json-sanitizer,/path/to/workdir
CVE-2023-34055,/path/to/diff/CVE-2023-34055/CVE-2023-34055.txt,/path/to/repo/spring-projects@@spring-boot,/path/to/workdir
CVE-2023-46650,/path/to/diff/CVE-2023-46650/CVE-2023-46650.txt,/path/to/repo/jenkinsci@@github-plugin,/path/to/workdir
CVE-2021-39239,/path/to/diff/CVE-2021-39239/CVE-2021-39239.txt,/path/to/repo/apache@@jena,/path/to/workdir
CVE-2022-43430,/path/to/diff/CVE-2022-43430/CVE-2022-43430.txt,/path/to/repo/jenkinsci@@compuware-topaz-for-total-test-plugin,/path/to/workdir
CVE-2022-38398,/path/to/diff/CVE-2022-38398/CVE-2022-38398.txt,/path/to/repo/apache@@xmlgraphics-batik,/path/to/workdir
CVE-2021-20220,/path/to/diff/CVE-2021-20220/CVE-2021-20220.txt,/path/to/repo/undertow-io@@undertow,/path/to/workdir
CVE-2023-0091,/path/to/diff/CVE-2023-0091/CVE-2023-0091.txt,/path/to/repo/keycloak@@keycloak,/path/to/workdir
CVE-2023-41932,/path/to/diff/CVE-2023-41932/CVE-2023-41932.txt,/path/to/repo/jenkinsci@@job-config-history-plugin,/path/to/workdir
CVE-2022-42124,/path/to/diff/CVE-2022-42124/CVE-2022-42124.txt,/path/to/repo/liferay@@liferay-portal,/path/to/workdir
CVE-2022-35697,/path/to/diff/CVE-2022-35697/CVE-2022-35697.txt,/path/to/repo/adobe@@aem-core-wcm-components,/path/to/workdir
CVE-2023-41936,/path/to/diff/CVE-2023-41936/CVE-2023-41936.txt,/path/to/repo/jenkinsci@@google-login-plugin,/path/to/workdir
CVE-2023-25613,/path/to/diff/CVE-2023-25613/CVE-2023-25613.txt,/path/to/repo/apache@@directory-kerby,/path/to/workdir
CVE-2022-20614,/path/to/diff/CVE-2022-20614/CVE-2022-20614.txt,/path/to/repo/jenkinsci@@mailer-plugin,/path/to/workdir
CVE-2023-26474,/path/to/diff/CVE-2023-26474/CVE-2023-26474.txt,/path/to/repo/xwiki@@xwiki-platform,/path/to/workdir
CVE-2023-43496,/path/to/diff/CVE-2023-43496/CVE-2023-43496.txt,/path/to/repo/jenkinsci@@jenkins,/path/to/workdir
CVE-2020-17530,/path/to/diff/CVE-2020-17530/CVE-2020-17530.txt,/path/to/repo/apache@@struts,/path/to/workdir
CVE-2021-21650,/path/to/diff/CVE-2021-21650/CVE-2021-21650.txt,/path/to/repo/jenkinsci@@s3-plugin,/path/to/workdir
CVE-2022-24816,/path/to/diff/CVE-2022-24816/CVE-2022-24816.txt,/path/to/repo/geosolutions-it@@jai-ext,/path/to/workdir
CVE-2022-46685,/path/to/diff/CVE-2022-46685/CVE-2022-46685.txt,/path/to/repo/jenkinsci@@gitea-plugin,/path/to/workdir
CVE-2022-21700,/path/to/diff/CVE-2022-21700/CVE-2022-21700.txt,/path/to/repo/micronaut-projects@@micronaut-core,/path/to/workdir
CVE-2024-23898,/path/to/diff/CVE-2024-23898/CVE-2024-23898.txt,/path/to/repo/jenkinsci@@jenkins,/path/to/workdir
CVE-2023-49299,/path/to/diff/CVE-2023-49299/CVE-2023-49299.txt,/path/to/repo/apache@@dolphinscheduler,/path/to/workdir
CVE-2022-41226,/path/to/diff/CVE-2022-41226/CVE-2022-41226.txt,/path/to/repo/jenkinsci@@compuware-common-configuration-plugin,/path/to/workdir
CVE-2022-36885,/path/to/diff/CVE-2022-36885/CVE-2022-36885.txt,/path/to/repo/jenkinsci@@github-plugin,/path/to/workdir
CVE-2023-40344,/path/to/diff/CVE-2023-40344/CVE-2023-40344.txt,/path/to/repo/jenkinsci@@delphix-plugin,/path/to/workdir
CVE-2024-40642,/path/to/diff/CVE-2024-40642/CVE-2024-40642.txt,/path/to/repo/netty@@netty-incubator-codec-ohttp,/path/to/workdir
CVE-2022-25197,/path/to/diff/CVE-2022-25197/CVE-2022-25197.txt,/path/to/repo/jenkinsci@@hashicorp-vault-plugin,/path/to/workdir
CVE-2020-10688,/path/to/diff/CVE-2020-10688/CVE-2020-10688.txt,/path/to/repo/resteasy@@Resteasy,/path/to/workdir
CVE-2020-2120,/path/to/diff/CVE-2020-2120/CVE-2020-2120.txt,/path/to/repo/jenkinsci@@fitnesse-plugin,/path/to/workdir
CVE-2024-23833,/path/to/diff/CVE-2024-23833/CVE-2024-23833.txt,/path/to/repo/OpenRefine@@OpenRefine,/path/to/workdir
CVE-2023-30535,/path/to/diff/CVE-2023-30535/CVE-2023-30535.txt,/path/to/repo/snowflakedb@@snowflake-jdbc,/path/to/workdir
CVE-2023-34623,/path/to/diff/CVE-2023-34623/CVE-2023-34623.txt,/path/to/repo/jtidy@@jtidy,/path/to/workdir
CVE-2024-22271,/path/to/diff/CVE-2024-22271/CVE-2024-22271.txt,/path/to/repo/spring-cloud@@spring-cloud-function,/path/to/workdir
CVE-2020-27223,/path/to/diff/CVE-2020-27223/CVE-2020-27223.txt,/path/to/repo/eclipse@@jetty.project,/path/to/workdir
CVE-2023-49921,/path/to/diff/CVE-2023-49921/CVE-2023-49921.txt,/path/to/repo/elastic@@elasticsearch,/path/to/workdir
CVE-2022-38648,/path/to/diff/CVE-2022-38648/CVE-2022-38648.txt,/path/to/repo/apache@@xmlgraphics-batik,/path/to/workdir
CVE-2022-20619,/path/to/diff/CVE-2022-20619/CVE-2022-20619.txt,/path/to/repo/jenkinsci@@bitbucket-branch-source-plugin,/path/to/workdir
CVE-2022-36897,/path/to/diff/CVE-2022-36897/CVE-2022-36897.txt,/path/to/repo/jenkinsci@@compuware-xpediter-code-coverage-plugin,/path/to/workdir
CVE-2022-23107,/path/to/diff/CVE-2022-23107/CVE-2022-23107.txt,/path/to/repo/jenkinsci@@warnings-ng-plugin,/path/to/workdir
CVE-2021-21266,/path/to/diff/CVE-2021-21266/CVE-2021-21266.txt,/path/to/repo/openhab@@openhab-addons,/path/to/workdir
CVE-2021-26715,/path/to/diff/CVE-2021-26715/CVE-2021-26715.txt,/path/to/repo/mitreid-connect@@OpenID-Connect-Java-Spring-Server,/path/to/workdir
CVE-2022-34178,/path/to/diff/CVE-2022-34178/CVE-2022-34178.txt,/path/to/repo/jenkinsci@@embeddable-build-status-plugin,/path/to/workdir
CVE-2023-48241,/path/to/diff/CVE-2023-48241/CVE-2023-48241.txt,/path/to/repo/xwiki@@xwiki-platform,/path/to/workdir
CVE-2021-29047,/path/to/diff/CVE-2021-29047/CVE-2021-29047.txt,/path/to/repo/liferay@@liferay-portal,/path/to/workdir
CVE-2021-21290,/path/to/diff/CVE-2021-21290/CVE-2021-21290.txt,/path/to/repo/netty@@netty,/path/to/workdir
CVE-2022-45207,/path/to/diff/CVE-2022-45207/CVE-2022-45207.txt,/path/to/repo/jeecgboot@@jeecg-boot,/path/to/workdir
CVE-2022-45380,/path/to/diff/CVE-2022-45380/CVE-2022-45380.txt,/path/to/repo/jenkinsci@@junit-plugin,/path/to/workdir
CVE-2022-28366,/path/to/diff/CVE-2022-28366/CVE-2022-28366.txt,/path/to/repo/HtmlUnit@@htmlunit,/path/to/workdir
CVE-2021-33330,/path/to/diff/CVE-2021-33330/CVE-2021-33330.txt,/path/to/repo/liferay@@liferay-portal,/path/to/workdir
CVE-2021-20190,/path/to/diff/CVE-2021-20190/CVE-2021-20190.txt,/path/to/repo/FasterXML@@jackson-databind,/path/to/workdir
CVE-2023-23933,/path/to/diff/CVE-2023-23933/CVE-2023-23933.txt,/path/to/repo/opensearch-project@@anomaly-detection,/path/to/workdir
CVE-2021-33800,/path/to/diff/CVE-2021-33800/CVE-2021-33800.txt,/path/to/repo/xenoamess-fork@@druid,/path/to/workdir
CVE-2022-27198,/path/to/diff/CVE-2022-27198/CVE-2022-27198.txt,/path/to/repo/jenkinsci@@aws-credentials-plugin,/path/to/workdir
CVE-2022-39337,/path/to/diff/CVE-2022-39337/CVE-2022-39337.txt,/path/to/repo/dromara@@sureness,/path/to/workdir
CVE-2022-4244,/path/to/diff/CVE-2022-4244/CVE-2022-4244.txt,/path/to/repo/codehaus-plexus@@plexus-utils,/path/to/workdir
CVE-2021-22112,/path/to/diff/CVE-2021-22112/CVE-2021-22112.txt,/path/to/repo/spring-projects@@spring-security,/path/to/workdir
CVE-2022-37435,/path/to/diff/CVE-2022-37435/CVE-2022-37435.txt,/path/to/repo/apache@@shenyu,/path/to/workdir
CVE-2023-34062,/path/to/diff/CVE-2023-34062/CVE-2023-34062.txt,/path/to/repo/reactor@@reactor-netty,/path/to/workdir
CVE-2022-22931,/path/to/diff/CVE-2022-22931/CVE-2022-22931.txt,/path/to/repo/apache@@james-project,/path/to/workdir
CVE-2021-2471,/path/to/diff/CVE-2021-2471/CVE-2021-2471.txt,/path/to/repo/mysql@@mysql-connector-j,/path/to/workdir
CVE-2023-32986,/path/to/diff/CVE-2023-32986/CVE-2023-32986.txt,/path/to/repo/jenkinsci@@file-parameters-plugin,/path/to/workdir
CVE-2020-7961,/path/to/diff/CVE-2020-7961/CVE-2020-7961.txt,/path/to/repo/liferay@@liferay-portal,/path/to/workdir
CVE-2023-23613,/path/to/diff/CVE-2023-23613/CVE-2023-23613.txt,/path/to/repo/opensearch-project@@OpenSearch,/path/to/workdir
CVE-2021-3754,/path/to/diff/CVE-2021-3754/CVE-2021-3754.txt,/path/to/repo/keycloak@@keycloak,/path/to/workdir
CVE-2020-5407,/path/to/diff/CVE-2020-5407/CVE-2020-5407.txt,/path/to/repo/spring-projects@@spring-security,/path/to/workdir
CVE-2023-43642,/path/to/diff/CVE-2023-43642/CVE-2023-43642.txt,/path/to/repo/xerial@@snappy-java,/path/to/workdir
CVE-2024-23686,/path/to/diff/CVE-2024-23686/CVE-2024-23686.txt,/path/to/repo/jeremylong@@DependencyCheck,/path/to/workdir
CVE-2021-21429,/path/to/diff/CVE-2021-21429/CVE-2021-21429.txt,/path/to/repo/OpenAPITools@@openapi-generator,/path/to/workdir
CVE-2022-25194,/path/to/diff/CVE-2022-25194/CVE-2022-25194.txt,/path/to/repo/jenkinsci@@autonomiq-plugin,/path/to/workdir
CVE-2022-25180,/path/to/diff/CVE-2022-25180/CVE-2022-25180.txt,/path/to/repo/jenkinsci@@workflow-cps-plugin,/path/to/workdir
CVE-2023-25194,/path/to/diff/CVE-2023-25194/CVE-2023-25194.txt,/path/to/repo/apache@@kafka,/path/to/workdir
CVE-2022-0981,/path/to/diff/CVE-2022-0981/CVE-2022-0981.txt,/path/to/repo/quarkusio@@quarkus,/path/to/workdir
CVE-2020-2136,/path/to/diff/CVE-2020-2136/CVE-2020-2136.txt,/path/to/repo/jenkinsci@@git-plugin,/path/to/workdir
CVE-2023-44487,/path/to/diff/CVE-2023-44487/CVE-2023-44487.txt,/path/to/repo/netty@@netty,/path/to/workdir
CVE-2023-4218,/path/to/diff/CVE-2023-4218/CVE-2023-4218.txt,/path/to/repo/eclipse-jdt@@eclipse.jdt.ui,/path/to/workdir
CVE-2022-22979,/path/to/diff/CVE-2022-22979/CVE-2022-22979.txt,/path/to/repo/spring-cloud@@spring-cloud-function,/path/to/workdir
CVE-2020-1940,/path/to/diff/CVE-2020-1940/CVE-2020-1940.txt,/path/to/repo/apache@@jackrabbit-oak,/path/to/workdir
CVE-2023-29014,/path/to/diff/CVE-2023-29014/CVE-2023-29014.txt,/path/to/repo/intranda@@goobi-viewer-core,/path/to/workdir
CVE-2022-31267,/path/to/diff/CVE-2022-31267/CVE-2022-31267.txt,/path/to/repo/gitblit@@gitblit,/path/to/workdir
CVE-2023-24456,/path/to/diff/CVE-2023-24456/CVE-2023-24456.txt,/path/to/repo/jenkinsci@@keycloak-plugin,/path/to/workdir
CVE-2022-45693,/path/to/diff/CVE-2022-45693/CVE-2022-45693.txt,/path/to/repo/jettison-json@@jettison,/path/to/workdir
CVE-2020-2321,/path/to/diff/CVE-2020-2321/CVE-2020-2321.txt,/path/to/repo/jenkinsci@@shelve-project-plugin,/path/to/workdir
CVE-2022-36537,/path/to/diff/CVE-2022-36537/CVE-2022-36537.txt,/path/to/repo/zkoss@@zk,/path/to/workdir
CVE-2023-30513,/path/to/diff/CVE-2023-30513/CVE-2023-30513.txt,/path/to/repo/jenkinsci@@kubernetes-plugin,/path/to/workdir
CVE-2024-28255,/path/to/diff/CVE-2024-28255/CVE-2024-28255.txt,/path/to/repo/open-metadata@@OpenMetadata,/path/to/workdir
CVE-2022-38663,/path/to/diff/CVE-2022-38663/CVE-2022-38663.txt,/path/to/repo/jenkinsci@@git-plugin,/path/to/workdir
CVE-2023-45277,/path/to/diff/CVE-2023-45277/CVE-2023-45277.txt,/path/to/repo/yamcs@@yamcs,/path/to/workdir
CVE-2021-22053,/path/to/diff/CVE-2021-22053/CVE-2021-22053.txt,/path/to/repo/spring-cloud@@spring-cloud-netflix,/path/to/workdir
CVE-2023-39913,/path/to/diff/CVE-2023-39913/CVE-2023-39913.txt,/path/to/repo/apache@@uima-uimaj,/path/to/workdir
CVE-2023-33962,/path/to/diff/CVE-2023-33962/CVE-2023-33962.txt,/path/to/repo/jstachio@@jstachio,/path/to/workdir
CVE-2024-0758,/path/to/diff/CVE-2024-0758/CVE-2024-0758.txt,/path/to/repo/ipb-halle@@MolecularFaces,/path/to/workdir
CVE-2022-1231,/path/to/diff/CVE-2022-1231/CVE-2022-1231.txt,/path/to/repo/plantuml@@plantuml,/path/to/workdir
CVE-2022-45347,/path/to/diff/CVE-2022-45347/CVE-2022-45347.txt,/path/to/repo/apache@@shardingsphere,/path/to/workdir
CVE-2023-4061,/path/to/diff/CVE-2023-4061/CVE-2023-4061.txt,/path/to/repo/wildfly@@wildfly-core,/path/to/workdir
CVE-2024-31867,/path/to/diff/CVE-2024-31867/CVE-2024-31867.txt,/path/to/repo/apache@@zeppelin,/path/to/workdir
CVE-2023-31098,/path/to/diff/CVE-2023-31098/CVE-2023-31098.txt,/path/to/repo/apache@@inlong,/path/to/workdir
CVE-2020-1695,/path/to/diff/CVE-2020-1695/CVE-2020-1695.txt,/path/to/repo/resteasy@@Resteasy,/path/to/workdir
CVE-2021-23937,/path/to/diff/CVE-2021-23937/CVE-2021-23937.txt,/path/to/repo/apache@@wicket,/path/to/workdir
CVE-2023-29215,/path/to/diff/CVE-2023-29215/CVE-2023-29215.txt,/path/to/repo/apache@@linkis,/path/to/workdir
CVE-2021-3856,/path/to/diff/CVE-2021-3856/CVE-2021-3856.txt,/path/to/repo/keycloak@@keycloak,/path/to/workdir
CVE-2024-25603,/path/to/diff/CVE-2024-25603/CVE-2024-25603.txt,/path/to/repo/liferay@@liferay-portal,/path/to/workdir
CVE-2020-1744,/path/to/diff/CVE-2020-1744/CVE-2020-1744.txt,/path/to/repo/keycloak@@keycloak,/path/to/workdir
CVE-2022-22946,/path/to/diff/CVE-2022-22946/CVE-2022-22946.txt,/path/to/repo/spring-cloud@@spring-cloud-gateway,/path/to/workdir
CVE-2022-0219,/path/to/diff/CVE-2022-0219/CVE-2022-0219.txt,/path/to/repo/skylot@@jadx,/path/to/workdir
CVE-2023-28857,/path/to/diff/CVE-2023-28857/CVE-2023-28857.txt,/path/to/repo/apereo@@cas,/path/to/workdir
CVE-2021-29052,/path/to/diff/CVE-2021-29052/CVE-2021-29052.txt,/path/to/repo/liferay@@liferay-portal,/path/to/workdir
CVE-2022-37422,/path/to/diff/CVE-2022-37422/CVE-2022-37422.txt,/path/to/repo/payara@@Payara,/path/to/workdir
CVE-2022-23620,/path/to/diff/CVE-2022-23620/CVE-2022-23620.txt,/path/to/repo/xwiki@@xwiki-platform,/path/to/workdir
CVE-2023-51785,/path/to/diff/CVE-2023-51785/CVE-2023-51785.txt,/path/to/repo/apache@@inlong,/path/to/workdir
CVE-2022-40146,/path/to/diff/CVE-2022-40146/CVE-2022-40146.txt,/path/to/repo/apache@@xmlgraphics-batik,/path/to/workdir
CVE-2022-31139,/path/to/diff/CVE-2022-31139/CVE-2022-31139.txt,/path/to/repo/Karlatemp@@UnsafeAccessor,/path/to/workdir
CVE-2022-24823,/path/to/diff/CVE-2022-24823/CVE-2022-24823.txt,/path/to/repo/netty@@netty,/path/to/workdir
CVE-2020-2287,/path/to/diff/CVE-2020-2287/CVE-2020-2287.txt,/path/to/repo/jenkinsci@@audit-trail-plugin,/path/to/workdir
CVE-2022-28139,/path/to/diff/CVE-2022-28139/CVE-2022-28139.txt,/path/to/repo/jenkinsci@@rocketchatnotifier-plugin,/path/to/workdir
CVE-2020-27782,/path/to/diff/CVE-2020-27782/CVE-2020-27782.txt,/path/to/repo/undertow-io@@undertow,/path/to/workdir
CVE-2023-47798,/path/to/diff/CVE-2023-47798/CVE-2023-47798.txt,/path/to/repo/liferay@@liferay-portal,/path/to/workdir
CVE-2022-25897,/path/to/diff/CVE-2022-25897/CVE-2022-25897.txt,/path/to/repo/eclipse@@milo,/path/to/workdir
CVE-2023-45280,/path/to/diff/CVE-2023-45280/CVE-2023-45280.txt,/path/to/repo/yamcs@@yamcs,/path/to/workdir
CVE-2024-4536,/path/to/diff/CVE-2024-4536/CVE-2024-4536.txt,/path/to/repo/eclipse-edc@@Connector,/path/to/workdir
CVE-2023-42268,/path/to/diff/CVE-2023-42268/CVE-2023-42268.txt,/path/to/repo/jeecgboot@@jeecg-boot,/path/to/workdir
CVE-2023-2422,/path/to/diff/CVE-2023-2422/CVE-2023-2422.txt,/path/to/repo/keycloak@@keycloak,/path/to/workdir
CVE-2020-5206,/path/to/diff/CVE-2020-5206/CVE-2020-5206.txt,/path/to/repo/opencast@@opencast,/path/to/workdir
CVE-2022-43416,/path/to/diff/CVE-2022-43416/CVE-2022-43416.txt,/path/to/repo/jenkinsci@@katalon-plugin,/path/to/workdir
CVE-2023-33942,/path/to/diff/CVE-2023-33942/CVE-2023-33942.txt,/path/to/repo/liferay@@liferay-portal,/path/to/workdir
CVE-2020-8920,/path/to/diff/CVE-2020-8920/CVE-2020-8920.txt,/path/to/repo/GerritCodeReview@@gerrit,/path/to/workdir
CVE-2021-38294,/path/to/diff/CVE-2021-38294/CVE-2021-38294.txt,/path/to/repo/apache@@storm,/path/to/workdir
CVE-2023-46244,/path/to/diff/CVE-2023-46244/CVE-2023-46244.txt,/path/to/repo/xwiki@@xwiki-platform,/path/to/workdir
CVE-2023-25826,/path/to/diff/CVE-2023-25826/CVE-2023-25826.txt,/path/to/repo/OpenTSDB@@opentsdb,/path/to/workdir
CVE-2020-24591,/path/to/diff/CVE-2020-24591/CVE-2020-24591.txt,/path/to/repo/wso2@@carbon-analytics-common,/path/to/workdir
CVE-2020-5398,/path/to/diff/CVE-2020-5398/CVE-2020-5398.txt,/path/to/repo/spring-projects@@spring-framework,/path/to/workdir
CVE-2023-46655,/path/to/diff/CVE-2023-46655/CVE-2023-46655.txt,/path/to/repo/jenkinsci@@electricflow-plugin,/path/to/workdir
CVE-2023-40826,/path/to/diff/CVE-2023-40826/CVE-2023-40826.txt,/path/to/repo/pf4j@@pf4j,/path/to/workdir
CVE-2020-1929,/path/to/diff/CVE-2020-1929/CVE-2020-1929.txt,/path/to/repo/apache@@beam,/path/to/workdir
CVE-2022-29047,/path/to/diff/CVE-2022-29047/CVE-2022-29047.txt,/path/to/repo/jenkinsci@@workflow-cps-global-lib-plugin,/path/to/workdir
CVE-2023-1428,/path/to/diff/CVE-2023-1428/CVE-2023-1428.txt,/path/to/repo/grpc@@grpc-java,/path/to/workdir
CVE-2021-32700,/path/to/diff/CVE-2021-32700/CVE-2021-32700.txt,/path/to/repo/ballerina-platform@@ballerina-lang,/path/to/workdir
CVE-2020-13933,/path/to/diff/CVE-2020-13933/CVE-2020-13933.txt,/path/to/repo/apache@@shiro,/path/to/workdir
CVE-2021-34538,/path/to/diff/CVE-2021-34538/CVE-2021-34538.txt,/path/to/repo/apache@@hive,/path/to/workdir
CVE-2020-2309,/path/to/diff/CVE-2020-2309/CVE-2020-2309.txt,/path/to/repo/jenkinsci@@kubernetes-plugin,/path/to/workdir
CVE-2021-37304,/path/to/diff/CVE-2021-37304/CVE-2021-37304.txt,/path/to/repo/jeecgboot@@jeecg-boot,/path/to/workdir
CVE-2024-22263,/path/to/diff/CVE-2024-22263/CVE-2024-22263.txt,/path/to/repo/spring-cloud@@spring-cloud-dataflow,/path/to/workdir
CVE-2024-23683,/path/to/diff/CVE-2024-23683/CVE-2024-23683.txt,/path/to/repo/ls1intum@@Ares,/path/to/workdir
CVE-2023-32731,/path/to/diff/CVE-2023-32731/CVE-2023-32731.txt,/path/to/repo/grpc@@grpc-java,/path/to/workdir
CVE-2022-32065,/path/to/diff/CVE-2022-32065/CVE-2022-32065.txt,/path/to/repo/yangzongzhuan@@RuoYi,/path/to/workdir
CVE-2023-34340,/path/to/diff/CVE-2023-34340/CVE-2023-34340.txt,/path/to/repo/apache@@accumulo,/path/to/workdir
CVE-2023-20862,/path/to/diff/CVE-2023-20862/CVE-2023-20862.txt,/path/to/repo/spring-projects@@spring-security,/path/to/workdir
CVE-2023-40743,/path/to/diff/CVE-2023-40743/CVE-2023-40743.txt,/path/to/repo/apache@@axis-axis1-java,/path/to/workdir
CVE-2022-31167,/path/to/diff/CVE-2022-31167/CVE-2022-31167.txt,/path/to/repo/xwiki@@xwiki-platform,/path/to/workdir
CVE-2022-37022,/path/to/diff/CVE-2022-37022/CVE-2022-37022.txt,/path/to/repo/apache@@geode,/path/to/workdir
CVE-2024-1233,/path/to/diff/CVE-2024-1233/CVE-2024-1233.txt,/path/to/repo/wildfly-security@@wildfly-elytron,/path/to/workdir
CVE-2021-31522,/path/to/diff/CVE-2021-31522/CVE-2021-31522.txt,/path/to/repo/apache@@kylin,/path/to/workdir
CVE-2020-13922,/path/to/diff/CVE-2020-13922/CVE-2020-13922.txt,/path/to/repo/apache@@incubator-dolphinscheduler,/path/to/workdir
CVE-2023-28867,/path/to/diff/CVE-2023-28867/CVE-2023-28867.txt,/path/to/repo/graphql-java@@graphql-java,/path/to/workdir
CVE-2023-32985,/path/to/diff/CVE-2023-32985/CVE-2023-32985.txt,/path/to/repo/jenkinsci@@sidebar-link-plugin,/path/to/workdir
CVE-2022-1279,/path/to/diff/CVE-2022-1279/CVE-2022-1279.txt,/path/to/repo/ebics-java@@ebics-java-client,/path/to/workdir
CVE-2020-2308,/path/to/diff/CVE-2020-2308/CVE-2020-2308.txt,/path/to/repo/jenkinsci@@kubernetes-plugin,/path/to/workdir
CVE-2024-24749,/path/to/diff/CVE-2024-24749/CVE-2024-24749.txt,/path/to/repo/GeoWebCache@@geowebcache,/path/to/workdir
CVE-2023-40989,/path/to/diff/CVE-2023-40989/CVE-2023-40989.txt,/path/to/repo/jeecgboot@@jeecg-boot,/path/to/workdir
CVE-2020-13951,/path/to/diff/CVE-2020-13951/CVE-2020-13951.txt,/path/to/repo/apache@@openmeetings,/path/to/workdir
CVE-2021-3878,/path/to/diff/CVE-2021-3878/CVE-2021-3878.txt,/path/to/repo/stanfordnlp@@CoreNLP,/path/to/workdir
CVE-2021-44550,/path/to/diff/CVE-2021-44550/CVE-2021-44550.txt,/path/to/repo/stanfordnlp@@CoreNLP,/path/to/workdir
CVE-2022-45129,/path/to/diff/CVE-2022-45129/CVE-2022-45129.txt,/path/to/repo/payara@@Payara,/path/to/workdir
CVE-2021-21651,/path/to/diff/CVE-2021-21651/CVE-2021-21651.txt,/path/to/repo/jenkinsci@@s3-plugin,/path/to/workdir
CVE-2022-40151,/path/to/diff/CVE-2022-40151/CVE-2022-40151.txt,/path/to/repo/x-stream@@xstream,/path/to/workdir
CVE-2022-28977,/path/to/diff/CVE-2022-28977/CVE-2022-28977.txt,/path/to/repo/liferay@@liferay-portal,/path/to/workdir
CVE-2022-28147,/path/to/diff/CVE-2022-28147/CVE-2022-28147.txt,/path/to/repo/jenkinsci@@ci-with-toad-edge-plugin,/path/to/workdir
CVE-2021-21671,/path/to/diff/CVE-2021-21671/CVE-2021-21671.txt,/path/to/repo/jenkinsci@@jenkins,/path/to/workdir
CVE-2023-43668,/path/to/diff/CVE-2023-43668/CVE-2023-43668.txt,/path/to/repo/apache@@inlong,/path/to/workdir
CVE-2022-39259,/path/to/diff/CVE-2022-39259/CVE-2022-39259.txt,/path/to/repo/skylot@@jadx,/path/to/workdir
CVE-2020-11111,/path/to/diff/CVE-2020-11111/CVE-2020-11111.txt,/path/to/repo/FasterXML@@jackson-databind,/path/to/workdir
CVE-2021-21623,/path/to/diff/CVE-2021-21623/CVE-2021-21623.txt,/path/to/repo/jenkinsci@@matrix-auth-plugin,/path/to/workdir
CVE-2020-2094,/path/to/diff/CVE-2020-2094/CVE-2020-2094.txt,/path/to/repo/jenkinsci@@cloudbees-jenkins-advisor-plugin,/path/to/workdir
CVE-2023-3629,/path/to/diff/CVE-2023-3629/CVE-2023-3629.txt,/path/to/repo/infinispan@@infinispan,/path/to/workdir
CVE-2023-30514,/path/to/diff/CVE-2023-30514/CVE-2023-30514.txt,/path/to/repo/jenkinsci@@azure-keyvault-plugin,/path/to/workdir
CVE-2023-22665,/path/to/diff/CVE-2023-22665/CVE-2023-22665.txt,/path/to/repo/apache@@jena,/path/to/workdir
CVE-2021-36161,/path/to/diff/CVE-2021-36161/CVE-2021-36161.txt,/path/to/repo/apache@@dubbo,/path/to/workdir
CVE-2022-44644,/path/to/diff/CVE-2022-44644/CVE-2022-44644.txt,/path/to/repo/apache@@linkis,/path/to/workdir
CVE-2022-39387,/path/to/diff/CVE-2022-39387/CVE-2022-39387.txt,/path/to/repo/xwiki-contrib@@oidc,/path/to/workdir
CVE-2021-43821,/path/to/diff/CVE-2021-43821/CVE-2021-43821.txt,/path/to/repo/opencast@@opencast,/path/to/workdir
CVE-2023-45859,/path/to/diff/CVE-2023-45859/CVE-2023-45859.txt,/path/to/repo/hazelcast@@hazelcast,/path/to/workdir
CVE-2020-11113,/path/to/diff/CVE-2020-11113/CVE-2020-11113.txt,/path/to/repo/FasterXML@@jackson-databind,/path/to/workdir
CVE-2023-40827,/path/to/diff/CVE-2023-40827/CVE-2023-40827.txt,/path/to/repo/pf4j@@pf4j,/path/to/workdir
CVE-2021-31811,/path/to/diff/CVE-2021-31811/CVE-2021-31811.txt,/path/to/repo/apache@@pdfbox,/path/to/workdir
CVE-2023-6835,/path/to/diff/CVE-2023-6835/CVE-2023-6835.txt,/path/to/repo/wso2@@carbon-apimgt,/path/to/workdir
CVE-2020-11988,/path/to/diff/CVE-2020-11988/CVE-2020-11988.txt,/path/to/repo/apache@@xmlgraphics-commons,/path/to/workdir
CVE-2024-23689,/path/to/diff/CVE-2024-23689/CVE-2024-23689.txt,/path/to/repo/ClickHouse@@clickhouse-java,/path/to/workdir
CVE-2022-36900,/path/to/diff/CVE-2022-36900/CVE-2022-36900.txt,/path/to/repo/jenkinsci@@compuware-zadviser-api-plugin,/path/to/workdir
CVE-2023-6837,/path/to/diff/CVE-2023-6837/CVE-2023-6837.txt,/path/to/repo/wso2@@carbon-identity-framework,/path/to/workdir
CVE-2021-39236,/path/to/diff/CVE-2021-39236/CVE-2021-39236.txt,/path/to/repo/apache@@ozone,/path/to/workdir
CVE-2023-24789,/path/to/diff/CVE-2023-24789/CVE-2023-24789.txt,/path/to/repo/jeecgboot@@jeecg-boot,/path/to/workdir
CVE-2021-32621,/path/to/diff/CVE-2021-32621/CVE-2021-32621.txt,/path/to/repo/xwiki@@xwiki-platform,/path/to/workdir
CVE-2022-31197,/path/to/diff/CVE-2022-31197/CVE-2022-31197.txt,/path/to/repo/pgjdbc@@pgjdbc,/path/to/workdir
CVE-2021-3632,/path/to/diff/CVE-2021-3632/CVE-2021-3632.txt,/path/to/repo/keycloak@@keycloak,/path/to/workdir
CVE-2024-38460,/path/to/diff/CVE-2024-38460/CVE-2024-38460.txt,/path/to/repo/SonarSource@@sonarqube,/path/to/workdir
CVE-2022-45135,/path/to/diff/CVE-2022-45135/CVE-2022-45135.txt,/path/to/repo/apache@@cocoon,/path/to/workdir
CVE-2022-43422,/path/to/diff/CVE-2022-43422/CVE-2022-43422.txt,/path/to/repo/jenkinsci@@compuware-topaz-utilities-plugin,/path/to/workdir
CVE-2023-42809,/path/to/diff/CVE-2023-42809/CVE-2023-42809.txt,/path/to/repo/redisson@@redisson,/path/to/workdir
CVE-2023-27296,/path/to/diff/CVE-2023-27296/CVE-2023-27296.txt,/path/to/repo/apache@@inlong,/path/to/workdir
CVE-2022-21724,/path/to/diff/CVE-2022-21724/CVE-2022-21724.txt,/path/to/repo/pgjdbc@@pgjdbc,/path/to/workdir
CVE-2020-9495,/path/to/diff/CVE-2020-9495/CVE-2020-9495.txt,/path/to/repo/apache@@archiva-redback-core,/path/to/workdir
CVE-2022-38370,/path/to/diff/CVE-2022-38370/CVE-2022-38370.txt,/path/to/repo/apache@@iotdb,/path/to/workdir
CVE-2023-29520,/path/to/diff/CVE-2023-29520/CVE-2023-29520.txt,/path/to/repo/xwiki@@xwiki-platform,/path/to/workdir
CVE-2023-2195,/path/to/diff/CVE-2023-2195/CVE-2023-2195.txt,/path/to/repo/jenkinsci@@codedx-plugin,/path/to/workdir
CVE-2021-44548,/path/to/diff/CVE-2021-44548/CVE-2021-44548.txt,/path/to/repo/apache@@solr,/path/to/workdir
CVE-2023-33945,/path/to/diff/CVE-2023-33945/CVE-2023-33945.txt,/path/to/repo/liferay@@liferay-portal,/path/to/workdir
CVE-2023-37911,/path/to/diff/CVE-2023-37911/CVE-2023-37911.txt,/path/to/repo/xwiki@@xwiki-platform,/path/to/workdir
CVE-2020-2313,/path/to/diff/CVE-2020-2313/CVE-2020-2313.txt,/path/to/repo/jenkinsci@@azure-keyvault-plugin,/path/to/workdir
CVE-2022-43415,/path/to/diff/CVE-2022-43415/CVE-2022-43415.txt,/path/to/repo/jenkinsci@@repo-plugin,/path/to/workdir
CVE-2023-46589,/path/to/diff/CVE-2023-46589/CVE-2023-46589.txt,/path/to/repo/apache@@tomcat,/path/to/workdir
CVE-2021-29046,/path/to/diff/CVE-2021-29046/CVE-2021-29046.txt,/path/to/repo/liferay@@liferay-portal,/path/to/workdir
CVE-2021-33668,/path/to/diff/CVE-2021-33668/CVE-2021-33668.txt,/path/to/repo/SAP@@scimono,/path/to/workdir
CVE-2022-26595,/path/to/diff/CVE-2022-26595/CVE-2022-26595.txt,/path/to/repo/liferay@@liferay-portal,/path/to/workdir
CVE-2021-32620,/path/to/diff/CVE-2021-32620/CVE-2021-32620.txt,/path/to/repo/xwiki@@xwiki-platform,/path/to/workdir
CVE-2020-2242,/path/to/diff/CVE-2020-2242/CVE-2020-2242.txt,/path/to/repo/jenkinsci@@database-plugin,/path/to/workdir
CVE-2023-34040,/path/to/diff/CVE-2023-34040/CVE-2023-34040.txt,/path/to/repo/spring-projects@@spring-kafka,/path/to/workdir
CVE-2021-39234,/path/to/diff/CVE-2021-39234/CVE-2021-39234.txt,/path/to/repo/apache@@ozone,/path/to/workdir
CVE-2020-1928,/path/to/diff/CVE-2020-1928/CVE-2020-1928.txt,/path/to/repo/apache@@nifi,/path/to/workdir
CVE-2021-23265,/path/to/diff/CVE-2021-23265/CVE-2021-23265.txt,/path/to/repo/craftercms@@core,/path/to/workdir
CVE-2024-36263,/path/to/diff/CVE-2024-36263/CVE-2024-36263.txt,/path/to/repo/apache@@submarine,/path/to/workdir
CVE-2021-44667,/path/to/diff/CVE-2021-44667/CVE-2021-44667.txt,/path/to/repo/alibaba@@nacos,/path/to/workdir
CVE-2023-43666,/path/to/diff/CVE-2023-43666/CVE-2023-43666.txt,/path/to/repo/apache@@inlong,/path/to/workdir
CVE-2024-36121,/path/to/diff/CVE-2024-36121/CVE-2024-36121.txt,/path/to/repo/netty@@netty-incubator-codec-ohttp,/path/to/workdir
CVE-2020-2132,/path/to/diff/CVE-2020-2132/CVE-2020-2132.txt,/path/to/repo/jenkinsci@@environment-manager-tools-plugin,/path/to/workdir
CVE-2021-29481,/path/to/diff/CVE-2021-29481/CVE-2021-29481.txt,/path/to/repo/ratpack@@ratpack,/path/to/workdir
CVE-2023-5072,/path/to/diff/CVE-2023-5072/CVE-2023-5072.txt,/path/to/repo/stleary@@JSON-java,/path/to/workdir
CVE-2023-35701,/path/to/diff/CVE-2023-35701/CVE-2023-35701.txt,/path/to/repo/apache@@hive,/path/to/workdir
CVE-2022-29631,/path/to/diff/CVE-2022-29631/CVE-2022-29631.txt,/path/to/repo/oblac@@jodd-http,/path/to/workdir
CVE-2022-1438,/path/to/diff/CVE-2022-1438/CVE-2022-1438.txt,/path/to/repo/keycloak@@keycloak,/path/to/workdir
CVE-2022-42004,/path/to/diff/CVE-2022-42004/CVE-2022-42004.txt,/path/to/repo/FasterXML@@jackson-databind,/path/to/workdir
CVE-2020-14062,/path/to/diff/CVE-2020-14062/CVE-2020-14062.txt,/path/to/repo/FasterXML@@jackson-databind,/path/to/workdir
CVE-2023-25765,/path/to/diff/CVE-2023-25765/CVE-2023-25765.txt,/path/to/repo/jenkinsci@@email-ext-plugin,/path/to/workdir
CVE-2021-22510,/path/to/diff/CVE-2021-22510/CVE-2021-22510.txt,/path/to/repo/jenkinsci@@hpe-application-automation-tools-plugin,/path/to/workdir
CVE-2020-8908,/path/to/diff/CVE-2020-8908/CVE-2020-8908.txt,/path/to/repo/google@@guava,/path/to/workdir
CVE-2023-39685,/path/to/diff/CVE-2023-39685/CVE-2023-39685.txt,/path/to/repo/hjson@@hjson-java,/path/to/workdir
CVE-2021-39231,/path/to/diff/CVE-2021-39231/CVE-2021-39231.txt,/path/to/repo/apache@@ozone,/path/to/workdir
CVE-2020-7238,/path/to/diff/CVE-2020-7238/CVE-2020-7238.txt,/path/to/repo/netty@@netty,/path/to/workdir
CVE-2020-2140,/path/to/diff/CVE-2020-2140/CVE-2020-2140.txt,/path/to/repo/jenkinsci@@audit-trail-plugin,/path/to/workdir
CVE-2022-36892,/path/to/diff/CVE-2022-36892/CVE-2022-36892.txt,/path/to/repo/jenkinsci@@rhnpush-plugin,/path/to/workdir
CVE-2022-39312,/path/to/diff/CVE-2022-39312/CVE-2022-39312.txt,/path/to/repo/dataease@@dataease,/path/to/workdir
CVE-2021-28657,/path/to/diff/CVE-2021-28657/CVE-2021-28657.txt,/path/to/repo/apache@@tika,/path/to/workdir
CVE-2022-41954,/path/to/diff/CVE-2022-41954/CVE-2022-41954.txt,/path/to/repo/joniles@@mpxj,/path/to/workdir
CVE-2021-40369,/path/to/diff/CVE-2021-40369/CVE-2021-40369.txt,/path/to/repo/apache@@jspwiki,/path/to/workdir
CVE-2023-3426,/path/to/diff/CVE-2023-3426/CVE-2023-3426.txt,/path/to/repo/liferay@@liferay-portal,/path/to/workdir
CVE-2022-29049,/path/to/diff/CVE-2022-29049/CVE-2022-29049.txt,/path/to/repo/jenkinsci@@promoted-builds-plugin,/path/to/workdir
CVE-2020-4070,/path/to/diff/CVE-2020-4070/CVE-2020-4070.txt,/path/to/repo/w3c@@css-validator,/path/to/workdir
CVE-2023-32787,/path/to/diff/CVE-2023-32787/CVE-2023-32787.txt,/path/to/repo/OPCFoundation@@UA-Java-Legacy,/path/to/workdir
CVE-2021-21639,/path/to/diff/CVE-2021-21639/CVE-2021-21639.txt,/path/to/repo/jenkinsci@@jenkins,/path/to/workdir
CVE-2024-2419,/path/to/diff/CVE-2024-2419/CVE-2024-2419.txt,/path/to/repo/keycloak@@keycloak,/path/to/workdir
CVE-2021-33324,/path/to/diff/CVE-2021-33324/CVE-2021-33324.txt,/path/to/repo/liferay@@liferay-portal,/path/to/workdir
CVE-2022-36886,/path/to/diff/CVE-2022-36886/CVE-2022-36886.txt,/path/to/repo/jenkinsci@@external-monitor-job-plugin,/path/to/workdir
CVE-2022-45685,/path/to/diff/CVE-2022-45685/CVE-2022-45685.txt,/path/to/repo/jettison-json@@jettison,/path/to/workdir
CVE-2020-2324,/path/to/diff/CVE-2020-2324/CVE-2020-2324.txt,/path/to/repo/jenkinsci@@cvs-plugin,/path/to/workdir
CVE-2023-24428,/path/to/diff/CVE-2023-24428/CVE-2023-24428.txt,/path/to/repo/jenkinsci@@bitbucket-oauth-plugin,/path/to/workdir
CVE-2023-23848,/path/to/diff/CVE-2023-23848/CVE-2023-23848.txt,/path/to/repo/jenkinsci@@synopsys-coverity-plugin,/path/to/workdir
CVE-2024-28847,/path/to/diff/CVE-2024-28847/CVE-2024-28847.txt,/path/to/repo/open-metadata@@OpenMetadata,/path/to/workdir
CVE-2023-31066,/path/to/diff/CVE-2023-31066/CVE-2023-31066.txt,/path/to/repo/apache@@inlong,/path/to/workdir
CVE-2023-26475,/path/to/diff/CVE-2023-26475/CVE-2023-26475.txt,/path/to/repo/xwiki@@xwiki-platform,/path/to/workdir
CVE-2021-39233,/path/to/diff/CVE-2021-39233/CVE-2021-39233.txt,/path/to/repo/apache@@ozone,/path/to/workdir
CVE-2021-41381,/path/to/diff/CVE-2021-41381/CVE-2021-41381.txt,/path/to/repo/payara@@Payara,/path/to/workdir
CVE-2021-21644,/path/to/diff/CVE-2021-21644/CVE-2021-21644.txt,/path/to/repo/jenkinsci@@config-file-provider-plugin,/path/to/workdir
CVE-2023-25753,/path/to/diff/CVE-2023-25753/CVE-2023-25753.txt,/path/to/repo/apache@@shenyu,/path/to/workdir
CVE-2022-41929,/path/to/diff/CVE-2022-41929/CVE-2022-41929.txt,/path/to/repo/xwiki@@xwiki-platform,/path/to/workdir
CVE-2023-46120,/path/to/diff/CVE-2023-46120/CVE-2023-46120.txt,/path/to/repo/rabbitmq@@rabbitmq-java-client,/path/to/workdir
CVE-2020-36319,/path/to/diff/CVE-2020-36319/CVE-2020-36319.txt,/path/to/repo/vaadin@@flow,/path/to/workdir
CVE-2022-20612,/path/to/diff/CVE-2022-20612/CVE-2022-20612.txt,/path/to/repo/jenkinsci@@jenkins,/path/to/workdir
CVE-2022-23115,/path/to/diff/CVE-2022-23115/CVE-2022-23115.txt,/path/to/repo/jenkinsci@@batch-task-plugin,/path/to/workdir
CVE-2020-2139,/path/to/diff/CVE-2020-2139/CVE-2020-2139.txt,/path/to/repo/jenkinsci@@cobertura-plugin,/path/to/workdir
CVE-2021-22097,/path/to/diff/CVE-2021-22097/CVE-2021-22097.txt,/path/to/repo/spring-projects@@spring-amqp,/path/to/workdir
CVE-2023-24427,/path/to/diff/CVE-2023-24427/CVE-2023-24427.txt,/path/to/repo/jenkinsci@@bitbucket-oauth-plugin,/path/to/workdir
CVE-2024-1143,/path/to/diff/CVE-2024-1143/CVE-2024-1143.txt,/path/to/repo/line@@centraldogma,/path/to/workdir
CVE-2023-25158,/path/to/diff/CVE-2023-25158/CVE-2023-25158.txt,/path/to/repo/geotools@@geotools,/path/to/workdir
CVE-2021-47621,/path/to/diff/CVE-2021-47621/CVE-2021-47621.txt,/path/to/repo/classgraph@@classgraph,/path/to/workdir
CVE-2022-0198,/path/to/diff/CVE-2022-0198/CVE-2022-0198.txt,/path/to/repo/stanfordnlp@@CoreNLP,/path/to/workdir
CVE-2020-13955,/path/to/diff/CVE-2020-13955/CVE-2020-13955.txt,/path/to/repo/apache@@calcite,/path/to/workdir
CVE-2020-2181,/path/to/diff/CVE-2020-2181/CVE-2020-2181.txt,/path/to/repo/jenkinsci@@credentials-binding-plugin,/path/to/workdir
CVE-2023-31581,/path/to/diff/CVE-2023-31581/CVE-2023-31581.txt,/path/to/repo/dromara@@sureness,/path/to/workdir
CVE-2022-25167,/path/to/diff/CVE-2022-25167/CVE-2022-25167.txt,/path/to/repo/apache@@flume,/path/to/workdir
CVE-2024-23673,/path/to/diff/CVE-2024-23673/CVE-2024-23673.txt,/path/to/repo/apache@@sling-org-apache-sling-servlets-resolver,/path/to/workdir
CVE-2020-2138,/path/to/diff/CVE-2020-2138/CVE-2020-2138.txt,/path/to/repo/jenkinsci@@cobertura-plugin,/path/to/workdir
CVE-2023-6149,/path/to/diff/CVE-2023-6149/CVE-2023-6149.txt,/path/to/repo/jenkinsci@@qualys-was-plugin,/path/to/workdir
CVE-2020-14366,/path/to/diff/CVE-2020-14366/CVE-2020-14366.txt,/path/to/repo/keycloak@@keycloak,/path/to/workdir
CVE-2023-5685,/path/to/diff/CVE-2023-5685/CVE-2023-5685.txt,/path/to/repo/xnio@@xnio,/path/to/workdir
CVE-2022-42120,/path/to/diff/CVE-2022-42120/CVE-2022-42120.txt,/path/to/repo/liferay@@liferay-portal,/path/to/workdir
CVE-2020-2207,/path/to/diff/CVE-2020-2207/CVE-2020-2207.txt,/path/to/repo/jenkinsci@@vncviewer-plugin,/path/to/workdir
CVE-2020-9492,/path/to/diff/CVE-2020-9492/CVE-2020-9492.txt,/path/to/repo/apache@@hadoop,/path/to/workdir
CVE-2021-43795,/path/to/diff/CVE-2021-43795/CVE-2021-43795.txt,/path/to/repo/line@@armeria,/path/to/workdir
CVE-2022-38369,/path/to/diff/CVE-2022-38369/CVE-2022-38369.txt,/path/to/repo/apache@@iotdb,/path/to/workdir
CVE-2022-43408,/path/to/diff/CVE-2022-43408/CVE-2022-43408.txt,/path/to/repo/jenkinsci@@pipeline-stage-view-plugin,/path/to/workdir
CVE-2021-23900,/path/to/diff/CVE-2021-23900/CVE-2021-23900.txt,/path/to/repo/OWASP@@json-sanitizer,/path/to/workdir
CVE-2023-41933,/path/to/diff/CVE-2023-41933/CVE-2023-41933.txt,/path/to/repo/jenkinsci@@job-config-history-plugin,/path/to/workdir
CVE-2023-51784,/path/to/diff/CVE-2023-51784/CVE-2023-51784.txt,/path/to/repo/apache@@inlong,/path/to/workdir
CVE-2023-34453,/path/to/diff/CVE-2023-34453/CVE-2023-34453.txt,/path/to/repo/xerial@@snappy-java,/path/to/workdir
CVE-2024-39676,/path/to/diff/CVE-2024-39676/CVE-2024-39676.txt,/path/to/repo/apache@@pinot,/path/to/workdir
CVE-2024-35219,/path/to/diff/CVE-2024-35219/CVE-2024-35219.txt,/path/to/repo/OpenAPITools@@openapi-generator,/path/to/workdir
CVE-2023-41937,/path/to/diff/CVE-2023-41937/CVE-2023-41937.txt,/path/to/repo/jenkinsci@@bitbucket-push-and-pull-request-plugin,/path/to/workdir
CVE-2020-2312,/path/to/diff/CVE-2020-2312/CVE-2020-2312.txt,/path/to/repo/jenkinsci@@sqlplus-script-runner-plugin,/path/to/workdir
CVE-2021-32824,/path/to/diff/CVE-2021-32824/CVE-2021-32824.txt,/path/to/repo/apache@@dubbo,/path/to/workdir
CVE-2024-23903,/path/to/diff/CVE-2024-23903/CVE-2024-23903.txt,/path/to/repo/jenkinsci@@gitlab-branch-source-plugin,/path/to/workdir
CVE-2021-3513,/path/to/diff/CVE-2021-3513/CVE-2021-3513.txt,/path/to/repo/keycloak@@keycloak,/path/to/workdir
CVE-2020-2191,/path/to/diff/CVE-2020-2191/CVE-2020-2191.txt,/path/to/repo/jenkinsci@@swarm-plugin,/path/to/workdir
CVE-2022-27204,/path/to/diff/CVE-2022-27204/CVE-2022-27204.txt,/path/to/repo/jenkinsci@@extended-choice-parameter-plugin,/path/to/workdir
CVE-2021-35517,/path/to/diff/CVE-2021-35517/CVE-2021-35517.txt,/path/to/repo/apache@@commons-compress,/path/to/workdir
CVE-2023-39153,/path/to/diff/CVE-2023-39153/CVE-2023-39153.txt,/path/to/repo/jenkinsci@@gitlab-oauth-plugin,/path/to/workdir
CVE-2022-25517,/path/to/diff/CVE-2022-25517/CVE-2022-25517.txt,/path/to/repo/baomidou@@mybatis-plus,/path/to/workdir
CVE-2022-0538,/path/to/diff/CVE-2022-0538/CVE-2022-0538.txt,/path/to/repo/jenkinsci@@jenkins,/path/to/workdir
CVE-2022-34181,/path/to/diff/CVE-2022-34181/CVE-2022-34181.txt,/path/to/repo/jenkinsci@@xunit-plugin,/path/to/workdir
CVE-2022-42111,/path/to/diff/CVE-2022-42111/CVE-2022-42111.txt,/path/to/repo/liferay@@liferay-portal,/path/to/workdir
CVE-2021-34433,/path/to/diff/CVE-2021-34433/CVE-2021-34433.txt,/path/to/repo/eclipse@@californium,/path/to/workdir
CVE-2023-29523,/path/to/diff/CVE-2023-29523/CVE-2023-29523.txt,/path/to/repo/xwiki@@xwiki-platform,/path/to/workdir
CVE-2023-41935,/path/to/diff/CVE-2023-41935/CVE-2023-41935.txt,/path/to/repo/jenkinsci@@azure-ad-plugin,/path/to/workdir
CVE-2021-42646,/path/to/diff/CVE-2021-42646/CVE-2021-42646.txt,/path/to/repo/wso2@@carbon-identity-framework,/path/to/workdir
CVE-2023-26480,/path/to/diff/CVE-2023-26480/CVE-2023-26480.txt,/path/to/repo/xwiki@@xwiki-platform,/path/to/workdir
CVE-2023-26470,/path/to/diff/CVE-2023-26470/CVE-2023-26470.txt,/path/to/repo/xwiki@@xwiki-platform,/path/to/workdir
CVE-2021-21363,/path/to/diff/CVE-2021-21363/CVE-2021-21363.txt,/path/to/repo/swagger-api@@swagger-codegen,/path/to/workdir
CVE-2021-22144,/path/to/diff/CVE-2021-22144/CVE-2021-22144.txt,/path/to/repo/elastic@@elasticsearch,/path/to/workdir
CVE-2022-23106,/path/to/diff/CVE-2022-23106/CVE-2022-23106.txt,/path/to/repo/jenkinsci@@configuration-as-code-plugin,/path/to/workdir
CVE-2022-45932,/path/to/diff/CVE-2022-45932/CVE-2022-45932.txt,/path/to/repo/opendaylight@@aaa,/path/to/workdir
CVE-2020-1937,/path/to/diff/CVE-2020-1937/CVE-2020-1937.txt,/path/to/repo/apache@@kylin,/path/to/workdir
CVE-2020-5230,/path/to/diff/CVE-2020-5230/CVE-2020-5230.txt,/path/to/repo/opencast@@opencast,/path/to/workdir
CVE-2020-5410,/path/to/diff/CVE-2020-5410/CVE-2020-5410.txt,/path/to/repo/spring-cloud@@spring-cloud-config,/path/to/workdir
CVE-2023-34454,/path/to/diff/CVE-2023-34454/CVE-2023-34454.txt,/path/to/repo/xerial@@snappy-java,/path/to/workdir
CVE-2020-14195,/path/to/diff/CVE-2020-14195/CVE-2020-14195.txt,/path/to/repo/FasterXML@@jackson-databind,/path/to/workdir
CVE-2023-6267,/path/to/diff/CVE-2023-6267/CVE-2023-6267.txt,/path/to/repo/quarkusio@@quarkus,/path/to/workdir
CVE-2021-38542,/path/to/diff/CVE-2021-38542/CVE-2021-38542.txt,/path/to/repo/apache@@james-project,/path/to/workdir
CVE-2023-40314,/path/to/diff/CVE-2023-40314/CVE-2023-40314.txt,/path/to/repo/OpenNMS@@opennms,/path/to/workdir
CVE-2023-0871,/path/to/diff/CVE-2023-0871/CVE-2023-0871.txt,/path/to/repo/OpenNMS@@opennms,/path/to/workdir
CVE-2023-37910,/path/to/diff/CVE-2023-37910/CVE-2023-37910.txt,/path/to/repo/xwiki@@xwiki-platform,/path/to/workdir
CVE-2023-51074,/path/to/diff/CVE-2023-51074/CVE-2023-51074.txt,/path/to/repo/json-path@@JsonPath,/path/to/workdir
CVE-2020-2315,/path/to/diff/CVE-2020-2315/CVE-2020-2315.txt,/path/to/repo/jenkinsci@@visualworks-store-plugin,/path/to/workdir
CVE-2023-28936,/path/to/diff/CVE-2023-28936/CVE-2023-28936.txt,/path/to/repo/apache@@openmeetings,/path/to/workdir
CVE-2022-26597,/path/to/diff/CVE-2022-26597/CVE-2022-26597.txt,/path/to/repo/liferay@@liferay-portal,/path/to/workdir
CVE-2024-31862,/path/to/diff/CVE-2024-31862/CVE-2024-31862.txt,/path/to/repo/apache@@zeppelin,/path/to/workdir
CVE-2021-41112,/path/to/diff/CVE-2021-41112/CVE-2021-41112.txt,/path/to/repo/rundeck@@rundeck,/path/to/workdir
CVE-2020-17519,/path/to/diff/CVE-2020-17519/CVE-2020-17519.txt,/path/to/repo/apache@@flink,/path/to/workdir
CVE-2023-24977,/path/to/diff/CVE-2023-24977/CVE-2023-24977.txt,/path/to/repo/apache@@inlong,/path/to/workdir
CVE-2023-40336,/path/to/diff/CVE-2023-40336/CVE-2023-40336.txt,/path/to/repo/jenkinsci@@cloudbees-folder-plugin,/path/to/workdir
CVE-2020-1698,/path/to/diff/CVE-2020-1698/CVE-2020-1698.txt,/path/to/repo/keycloak@@keycloak,/path/to/workdir
CVE-2021-21625,/path/to/diff/CVE-2021-21625/CVE-2021-21625.txt,/path/to/repo/jenkinsci@@aws-credentials-plugin,/path/to/workdir
CVE-2020-2223,/path/to/diff/CVE-2020-2223/CVE-2020-2223.txt,/path/to/repo/jenkinsci@@jenkins,/path/to/workdir
CVE-2022-45855,/path/to/diff/CVE-2022-45855/CVE-2022-45855.txt,/path/to/repo/apache@@ambari,/path/to/workdir
CVE-2024-31573,/path/to/diff/CVE-2024-31573/CVE-2024-31573.txt,/path/to/repo/xmlunit@@xmlunit,/path/to/workdir
CVE-2023-41046,/path/to/diff/CVE-2023-41046/CVE-2023-41046.txt,/path/to/repo/xwiki@@xwiki-platform,/path/to/workdir
CVE-2023-27899,/path/to/diff/CVE-2023-27899/CVE-2023-27899.txt,/path/to/repo/jenkinsci@@jenkins,/path/to/workdir
CVE-2023-40341,/path/to/diff/CVE-2023-40341/CVE-2023-40341.txt,/path/to/repo/jenkinsci@@blueocean-plugin,/path/to/workdir
CVE-2023-3193,/path/to/diff/CVE-2023-3193/CVE-2023-3193.txt,/path/to/repo/liferay@@liferay-portal,/path/to/workdir
CVE-2022-2232,/path/to/diff/CVE-2022-2232/CVE-2022-2232.txt,/path/to/repo/keycloak@@keycloak,/path/to/workdir
CVE-2020-2177,/path/to/diff/CVE-2020-2177/CVE-2020-2177.txt,/path/to/repo/jenkinsci@@copr-plugin,/path/to/workdir
CVE-2023-25827,/path/to/diff/CVE-2023-25827/CVE-2023-25827.txt,/path/to/repo/OpenTSDB@@opentsdb,/path/to/workdir
CVE-2022-31781,/path/to/diff/CVE-2022-31781/CVE-2022-31781.txt,/path/to/repo/apache@@tapestry-5,/path/to/workdir
CVE-2022-36033,/path/to/diff/CVE-2022-36033/CVE-2022-36033.txt,/path/to/repo/jhy@@jsoup,/path/to/workdir
CVE-2021-43113,/path/to/diff/CVE-2021-43113/CVE-2021-43113.txt,/path/to/repo/itext@@itext7,/path/to/workdir
CVE-2023-28640,/path/to/diff/CVE-2023-28640/CVE-2023-28640.txt,/path/to/repo/apiman@@apiman,/path/to/workdir
CVE-2024-41172,/path/to/diff/CVE-2024-41172/CVE-2024-41172.txt,/path/to/repo/apache@@cxf,/path/to/workdir
CVE-2020-2209,/path/to/diff/CVE-2020-2209/CVE-2020-2209.txt,/path/to/repo/jenkinsci@@testcomplete-plugin,/path/to/workdir
CVE-2024-21098,/path/to/diff/CVE-2024-21098/CVE-2024-21098.txt,/path/to/repo/oracle@@graal,/path/to/workdir
CVE-2022-39366,/path/to/diff/CVE-2022-39366/CVE-2022-39366.txt,/path/to/repo/datahub-project@@datahub,/path/to/workdir
CVE-2022-42128,/path/to/diff/CVE-2022-42128/CVE-2022-42128.txt,/path/to/repo/liferay@@liferay-portal,/path/to/workdir
CVE-2022-1782,/path/to/diff/CVE-2022-1782/CVE-2022-1782.txt,/path/to/repo/erudika@@para,/path/to/workdir
CVE-2023-29527,/path/to/diff/CVE-2023-29527/CVE-2023-29527.txt,/path/to/repo/xwiki@@xwiki-platform,/path/to/workdir
CVE-2024-1102,/path/to/diff/CVE-2024-1102/CVE-2024-1102.txt,/path/to/repo/jberet@@jsr352,/path/to/workdir
CVE-2022-3782,/path/to/diff/CVE-2022-3782/CVE-2022-3782.txt,/path/to/repo/keycloak@@keycloak,/path/to/workdir
CVE-2020-1947,/path/to/diff/CVE-2020-1947/CVE-2020-1947.txt,/path/to/repo/apache@@shardingsphere,/path/to/workdir
CVE-2021-36774,/path/to/diff/CVE-2021-36774/CVE-2021-36774.txt,/path/to/repo/apache@@kylin,/path/to/workdir
CVE-2023-25806,/path/to/diff/CVE-2023-25806/CVE-2023-25806.txt,/path/to/repo/opensearch-project@@security,/path/to/workdir
CVE-2024-31860,/path/to/diff/CVE-2024-31860/CVE-2024-31860.txt,/path/to/repo/apache@@zeppelin,/path/to/workdir
CVE-2023-3635,/path/to/diff/CVE-2023-3635/CVE-2023-3635.txt,/path/to/repo/square@@okio,/path/to/workdir
CVE-2022-25195,/path/to/diff/CVE-2022-25195/CVE-2022-25195.txt,/path/to/repo/jenkinsci@@autonomiq-plugin,/path/to/workdir
CVE-2022-44621,/path/to/diff/CVE-2022-44621/CVE-2022-44621.txt,/path/to/repo/apache@@kylin,/path/to/workdir
CVE-2023-34034,/path/to/diff/CVE-2023-34034/CVE-2023-34034.txt,/path/to/repo/spring-projects@@spring-security,/path/to/workdir
CVE-2022-25190,/path/to/diff/CVE-2022-25190/CVE-2022-25190.txt,/path/to/repo/jenkinsci@@conjur-credentials-plugin,/path/to/workdir
CVE-2021-21643,/path/to/diff/CVE-2021-21643/CVE-2021-21643.txt,/path/to/repo/jenkinsci@@config-file-provider-plugin,/path/to/workdir
CVE-2023-0105,/path/to/diff/CVE-2023-0105/CVE-2023-0105.txt,/path/to/repo/keycloak@@keycloak,/path/to/workdir
CVE-2020-2206,/path/to/diff/CVE-2020-2206/CVE-2020-2206.txt,/path/to/repo/jenkinsci@@vncrecorder-plugin,/path/to/workdir
CVE-2021-41411,/path/to/diff/CVE-2021-41411/CVE-2021-41411.txt,/path/to/repo/kiegroup@@drools,/path/to/workdir
CVE-2023-27903,/path/to/diff/CVE-2023-27903/CVE-2023-27903.txt,/path/to/repo/jenkinsci@@jenkins,/path/to/workdir
CVE-2023-0044,/path/to/diff/CVE-2023-0044/CVE-2023-0044.txt,/path/to/repo/quarkusio@@quarkus,/path/to/workdir
CVE-2020-2205,/path/to/diff/CVE-2020-2205/CVE-2020-2205.txt,/path/to/repo/jenkinsci@@vncrecorder-plugin,/path/to/workdir
CVE-2023-24430,/path/to/diff/CVE-2023-24430/CVE-2023-24430.txt,/path/to/repo/jenkinsci@@semantic-versioning-plugin,/path/to/workdir
CVE-2021-33813,/path/to/diff/CVE-2021-33813/CVE-2021-33813.txt,/path/to/repo/hunterhacker@@jdom,/path/to/workdir
CVE-2023-2631,/path/to/diff/CVE-2023-2631/CVE-2023-2631.txt,/path/to/repo/jenkinsci@@codedx-plugin,/path/to/workdir
CVE-2021-38388,/path/to/diff/CVE-2021-38388/CVE-2021-38388.txt,/path/to/repo/line@@centraldogma,/path/to/workdir
CVE-2022-4725,/path/to/diff/CVE-2022-4725/CVE-2022-4725.txt,/path/to/repo/aws-amplify@@aws-sdk-android,/path/to/workdir
CVE-2021-21640,/path/to/diff/CVE-2021-21640/CVE-2021-21640.txt,/path/to/repo/jenkinsci@@jenkins,/path/to/workdir
CVE-2023-32732,/path/to/diff/CVE-2023-32732/CVE-2023-32732.txt,/path/to/repo/grpc@@grpc-java,/path/to/workdir
CVE-2022-45787,/path/to/diff/CVE-2022-45787/CVE-2022-45787.txt,/path/to/repo/apache@@james-mime4j,/path/to/workdir
CVE-2020-13692,/path/to/diff/CVE-2020-13692/CVE-2020-13692.txt,/path/to/repo/pgjdbc@@pgjdbc,/path/to/workdir
CVE-2022-39135,/path/to/diff/CVE-2022-39135/CVE-2022-39135.txt,/path/to/repo/apache@@calcite,/path/to/workdir
CVE-2022-0673,/path/to/diff/CVE-2022-0673/CVE-2022-0673.txt,/path/to/repo/eclipse@@lemminx,/path/to/workdir
CVE-2023-43500,/path/to/diff/CVE-2023-43500/CVE-2023-43500.txt,/path/to/repo/jenkinsci@@build-failure-analyzer-plugin,/path/to/workdir
CVE-2022-41401,/path/to/diff/CVE-2022-41401/CVE-2022-41401.txt,/path/to/repo/OpenRefine@@OpenRefine,/path/to/workdir
CVE-2022-37866,/path/to/diff/CVE-2022-37866/CVE-2022-37866.txt,/path/to/repo/apache@@ant-ivy,/path/to/workdir
CVE-2020-1961,/path/to/diff/CVE-2020-1961/CVE-2020-1961.txt,/path/to/repo/apache@@syncope,/path/to/workdir
